team_id,season_id,player_ids,team_name,player_name
1610612737,1949-50,"[76155, 76636, 76808, 76967, 77249, 77834, 77918, 78402, 78521]",Atlanta Hawks,"['Gene Berce', 'Thomas Eddleman', 'Dee Gibson', 'Billy Hassett', 'Jack Kerris', 'Warren Perkins', 'Don Ray', 'Gene Vance', 'Murray Wier']"
1610612737,1950-51,"[76129, 76224, 76250, 76322, 76346, 76394, 76452, 76562, 76636, 76797, 76949, 77403, 77713, 77834, 77841, 78082, 78346, 78402]",Atlanta Hawks,"['Ed Beach', 'Harry Boykoff', 'Frank Brian', 'Tommy Byrnes', 'Bob Carpenter', 'Cal Christensen', 'Ray Corley', 'Hank DeZonie', 'Thomas Eddleman', 'Ed Gayda', 'John Hargis', 'Johnny Logan', 'Jack Nichols', 'Warren Perkins', 'Ed Peterson', 'Herb Scherer', 'Marko Todorovich', 'Gene Vance']"
1610612737,1951-52,"[76141, 76173, 76214, 76311, 76394, 76473, 76551, 76745, 77089, 77278, 77513, 77572, 77778, 77783, 77933, 77941, 78402, 78586]",Atlanta Hawks,"['Elmer Behnke', 'Charlie Black', 'Don Boven', 'Art Burris', 'Cal Christensen', 'Dillard Crocker', 'Nate DeLong', 'Jerry Fowler', 'Mel Hutchins', 'Walt Kirk', 'John McConathy', 'Dick Mehen', 'Don Otten', 'James Owens', 'Don Rehfeldt', 'John Rennicke', 'Gene Vance', 'Bob Wilson']"
1610612737,1952-53,"[76331, 76473, 76506, 76702, 77089, 77375, 77482, 77514, 77587, 77610, 77713, 77742, 77767, 77778, 77821, 77913]",Atlanta Hawks,"['Bill Calhoun', 'Dillard Crocker', 'Henry Darcey', 'George Feigenbaum', 'Mel Hutchins', 'Andrew Levane', 'Al Masino', 'Paul McConnell', 'Stan Miasek', 'Dave Minor', 'Jack Nichols', ""John O'Boyle"", ""Mike O'Neill"", 'Don Otten', 'Johnny Payak', 'George Ratkovicz']"
1610612737,1953-54,"[76145, 76331, 76626, 76962, 77032, 77050, 77402, 77843, 77913, 78125, 78278, 78280, 78359, 78448]",Atlanta Hawks,"['Irv Bemoras', 'Bill Calhoun', 'Gene Dyker', 'Bob Harrison', 'Lew Hitch', 'Red Holzman', 'Don Lofgran', 'Bob Peterson', 'George Ratkovicz', 'Charlie Share', 'Don Sunderlage', 'Dick Surhoff', 'Bill Tosheff', 'Rabbit Walthour']"
1610612737,1954-55,"[76331, 76442, 76578, 76937, 76962, 77430, 77477, 77499, 77563, 77847, 77913, 78063, 78113, 78125]",Atlanta Hawks,"['Bill Calhoun', 'Chuck Cooper', 'Fred Diute', 'Alex Hannum', 'Bob Harrison', 'Ronnie MacGilvray', 'Phil Martin', 'Ken McBride', 'Carl McNulty', 'Bob Pettit', 'George Ratkovicz', 'Frank Saul', 'Frank Selvy', 'Charlie Share']"
1610612737,1955-56,"[76414, 76708, 76937, 76962, 77551, 77799, 77847, 78072, 78113, 78125, 78249]",Atlanta Hawks,"['Jack Coleman', 'Al Ferrari', 'Alex Hannum', 'Bob Harrison', 'Jack McMahon', 'Medford Park', 'Bob Pettit', 'Bob Schafer', 'Frank Selvy', 'Charlie Share', 'Jack Stephens']"
1610612737,1956-57,"[76096, 76145, 76414, 76912, 76937, 77429, 77480, 77551, 77799, 77847, 78125, 78225, 78256]",Atlanta Hawks,"['John Barber', 'Irv Bemoras', 'Jack Coleman', 'Cliff Hagan', 'Alex Hannum', 'Ed Macauley', 'Slater Martin', 'Jack McMahon', 'Medford Park', 'Bob Pettit', 'Charlie Share', 'Odie Spears', 'Norm Stewart']"
1610612737,1957-58,"[76414, 76912, 77429, 77480, 77551, 77648, 77799, 77814, 77847, 78113, 78125, 78529]",Atlanta Hawks,"['Jack Coleman', 'Cliff Hagan', 'Ed Macauley', 'Slater Martin', 'Jack McMahon', 'Dwight Morrison', 'Medford Park', 'Worthy Patterson', 'Bob Pettit', 'Frank Selvy', 'Charlie Share', 'Win Wilfong']"
1610612737,1958-59,"[76708, 76774, 76877, 76912, 77414, 77429, 77480, 77551, 77847, 77927, 78125, 78529]",Atlanta Hawks,"['Al Ferrari', 'Dave Gambee', 'Si Green', 'Cliff Hagan', 'Clyde Lovellette', 'Ed Macauley', 'Slater Martin', 'Jack McMahon', 'Bob Pettit', 'Hub Reed', 'Charlie Share', 'Win Wilfong']"
1610612737,1959-60,"[76708, 76712, 76774, 76877, 76912, 77414, 77480, 77506, 77551, 77847, 78125]",Atlanta Hawks,"['Al Ferrari', 'Bob Ferry', 'Dave Gambee', 'Si Green', 'Cliff Hagan', 'Clyde Lovellette', 'Slater Martin', 'Johnny McCarthy', 'Jack McMahon', 'Bob Pettit', 'Charlie Share']"
1610612737,1960-61,"[76136, 76708, 76744, 76877, 76912, 77327, 77414, 77506, 77847, 77862, 78064, 78530]",Atlanta Hawks,"['Ernie Beck', 'Al Ferrari', 'Larry Foust', 'Si Green', 'Cliff Hagan', 'Fred LaCour', 'Clyde Lovellette', 'Johnny McCarthy', 'Bob Pettit', 'Dave Piontek', 'Woody Sauldsberry', 'Lenny Wilkens']"
1610612737,1961-62,"[76053, 76324, 76511, 76651, 76708, 76744, 76912, 76969, 77025, 77058, 77327, 77414, 77506, 77555, 77847, 78160, 78530]",Atlanta Hawks,"['Stacey Arceneaux', 'Barney Cable', 'Jimmy Darrow', 'Dick Eichhorst', 'Al Ferrari', 'Larry Foust', 'Cliff Hagan', 'Vern Hatton', 'Cleo Hill', 'Ron Horn', 'Fred LaCour', 'Clyde Lovellette', 'Johnny McCarthy', 'Shellie McMillon', 'Bob Pettit', 'Bob Sims', 'Lenny Wilkens']"
1610612737,1962-63,"[76108, 76133, 76253, 76324, 76610, 76694, 76912, 77210, 77727, 77847, 78358, 78409, 78530]",Atlanta Hawks,"['John Barnhill', 'Zelmo Beaty', 'Bill Bridges', 'Barney Cable', 'Bob Duffy', 'Mike Farmer', 'Cliff Hagan', 'Phil Jordon', 'Robert Nordmann', 'Bob Pettit', 'Gene Tormohlen', 'Charles Vaughn', 'Lenny Wilkens']"
1610612737,1963-64,"[76108, 76133, 76253, 76694, 76902, 76912, 77727, 77847, 78011, 78358, 78409, 78455, 78530]",Atlanta Hawks,"['John Barnhill', 'Zelmo Beaty', 'Bill Bridges', 'Mike Farmer', 'Richie Guerin', 'Cliff Hagan', 'Robert Nordmann', 'Bob Pettit', 'Ken Rohloff', 'Gene Tormohlen', 'Charles Vaughn', 'Gerry Ward', 'Lenny Wilkens']"
1610612737,1964-65,"[76108, 76133, 76253, 76314, 76694, 76902, 76912, 77531, 77662, 77847, 78151, 78651, 78409, 78530]",Atlanta Hawks,"['John Barnhill', 'Zelmo Beaty', 'Bill Bridges', 'Ed Burton', 'Mike Farmer', 'Richie Guerin', 'Cliff Hagan', 'Bill McGill', 'Jeff Mullins', 'Bob Pettit', 'Paul Silas', 'John Tresvant', 'Charles Vaughn', 'Lenny Wilkens']"
1610612737,1965-66,"[76133, 76253, 76694, 76902, 76912, 77662, 78151, 78358, 78466, 78530]",Atlanta Hawks,"['Zelmo Beaty', 'Bill Bridges', 'Mike Farmer', 'Richie Guerin', 'Cliff Hagan', 'Jeff Mullins', 'Paul Silas', 'Gene Tormohlen', 'Jim Washington', 'Lenny Wilkens']"
1610612737,1966-67,"[76133, 76253, 76329, 76902, 77051, 77074, 77313, 78151, 78213, 78335, 78358, 78530]",Atlanta Hawks,"['Zelmo Beaty', 'Bill Bridges', 'Joe Caldwell', 'Richie Guerin', 'Tom Hoover', 'Lou Hudson', 'Tom Kron', 'Paul Silas', 'Dick Snyder', 'Rod Thorn', 'Gene Tormohlen', 'Lenny Wilkens']"
1610612737,1967-68,"[76133, 76253, 76329, 76525, 77074, 77369, 77601, 78151, 78213, 78358, 78530]",Atlanta Hawks,"['Zelmo Beaty', 'Bill Bridges', 'Joe Caldwell', 'Jim Davis', 'Lou Hudson', 'George Lehmann', 'Jay Miller', 'Paul Silas', 'Dick Snyder', 'Gene Tormohlen', 'Lenny Wilkens']"
1610612737,1968-69,"[76133, 76253, 76329, 76525, 76902, 76926, 76951, 76983, 77074, 77369, 77751, 78151, 78444]",Atlanta Hawks,"['Zelmo Beaty', 'Bill Bridges', 'Joe Caldwell', 'Jim Davis', 'Richie Guerin', 'Dennis Hamilton', 'Skip Harlicka', 'Walt Hazzard', 'Lou Hudson', 'George Lehmann', 'Don Ohl', 'Paul Silas', 'Dwight Waller']"
1610612737,1969-70,"[76130, 76253, 76329, 76525, 76883, 76902, 76983, 77074, 77712, 77766, 77751, 78358]",Atlanta Hawks,"['Butch Beard', 'Bill Bridges', 'Joe Caldwell', 'Jim Davis', 'Gary Gregor', 'Richie Guerin', 'Walt Hazzard', 'Lou Hudson', 'Dave Newmark', ""Grady O'Malley"", 'Don Ohl', 'Gene Tormohlen']"
1610612737,1970-71,"[76144, 76253, 76376, 76382, 76395, 76525, 76983, 77074, 77459, 77963, 78397, 78508]",Atlanta Hawks,"['Walt Bellamy', 'Bill Bridges', 'Jerry Chambers', 'Len Chappell', 'Bob Christian', 'Jim Davis', 'Walt Hazzard', 'Lou Hudson', 'Pete Maravich', 'Bob Riley', 'John Vallely', 'Herb White']"
1610612737,1971-72,"[76144, 76395, 76815, 76922, 76923, 77074, 77459, 77489, 77823, 78147, 78366, 78560]",Atlanta Hawks,"['Walt Bellamy', 'Bob Christian', 'Herm Gilliam', 'Shaler Halimon', 'Jeff Halliburton', 'Lou Hudson', 'Pete Maravich', 'Don May', 'Tom Payne', 'Larry Siegfried', 'George Trapp', 'Milt Williams']"
1610612737,1972-73,"[76144, 76226, 76395, 76815, 77074, 77459, 77483, 78366, 78370, 78466, 78501]",Atlanta Hawks,"['Walt Bellamy', 'Steve Bracey', 'Bob Christian', 'Herm Gilliam', 'Lou Hudson', 'Pete Maravich', 'Eddie Mast', 'George Trapp', 'John Tschogl', 'Jim Washington', 'John Wetzel']"
1610612737,1973-74,"[76144, 76226, 76276, 76815, 77074, 77094, 77182, 77459, 78084, 78370, 78466, 78501]",Atlanta Hawks,"['Walt Bellamy', 'Steve Bracey', 'John Brown', 'Herm Gilliam', 'Lou Hudson', 'Tom Ingelsby', 'Dwight Jones', 'Pete Maravich', 'Dale Schlueter', 'John Tschogl', 'Jim Washington', 'John Wetzel']"
1610612737,1974-75,"[76276, 76598, 76815, 76996, 77074, 77182, 77227, 77578, 78217, 78399, 78466, 78501]",Atlanta Hawks,"['John Brown', 'John Drew', 'Herm Gilliam', 'Tom Henderson', 'Lou Hudson', 'Dwight Jones', 'Bob Kauffman', 'Dean Meminger', 'Mike Sojourner', 'Tom Van Arsdale', 'Jim Washington', 'John Wetzel']"
1610612737,1975-76,"[76276, 76468, 76598, 76623, 76972, 76996, 77042, 77074, 77182, 77578, 78217, 78399, 78577]",Atlanta Hawks,"['John Brown', 'Jim Creighton', 'John Drew', 'Dennis DuVal', 'Connie Hawkins', 'Tom Henderson', 'Wilbur Holland', 'Lou Hudson', 'Dwight Jones', 'Dean Meminger', 'Mike Sojourner', 'Tom Van Arsdale', 'Bill Willoughby']"
1610612737,1976-77,"[76099, 76276, 76383, 76534, 76558, 76563, 76598, 76971, 76996, 77024, 77074, 77582, 77993, 78217, 78308, 78577]",Atlanta Hawks,"['Tom Barker', 'John Brown', 'Ken Charles', 'Ron Davis', 'Randy Denton', 'Henry Dickerson', 'John Drew', 'Steve Hawes', 'Tom Henderson', 'Armond Hill', 'Lou Hudson', 'Joe Meriweather', 'Truck Robinson', 'Mike Sojourner', 'Claude Terry', 'Bill Willoughby']"
1610612737,1977-78,"[76276, 76383, 76471, 76598, 76971, 77024, 77144, 77162, 77553, 77983, 78014, 78308]",Atlanta Hawks,"['John Brown', 'Ken Charles', 'Charlie Criss', 'John Drew', 'Steve Hawes', 'Armond Hill', 'Eddie Johnson', 'Ollie Johnson', 'Tom McMillen', 'Tony Robertson', 'Tree Rollins', 'Claude Terry']"
1610612737,1978-79,"[76471, 76598, 76819, 76971, 77010, 77024, 77144, 77553, 78014, 78025, 78583]",Atlanta Hawks,"['Charlie Criss', 'John Drew', 'Jack Givens', 'Steve Hawes', 'Keith Herron', 'Armond Hill', 'Eddie Johnson', 'Tom McMillen', 'Tree Rollins', 'Dan Roundfield', 'Rick Wilson']"
1610612737,1979-80,"[76471, 76598, 76819, 76971, 77024, 77144, 77553, 77829, 78014, 78025, 78583]",Atlanta Hawks,"['Charlie Criss', 'John Drew', 'Jack Givens', 'Steve Hawes', 'Armond Hill', 'Eddie Johnson', 'Tom McMillen', 'Sam Pellom', 'Tree Rollins', 'Dan Roundfield', 'Rick Wilson']"
1610612737,1980-81,"[76305, 76416, 76471, 76598, 76971, 77144, 77484, 77528, 77553, 77829, 78014, 78025, 78132]",Atlanta Hawks,"['Tom Burleson', 'Art Collins', 'Charlie Criss', 'John Drew', 'Steve Hawes', 'Eddie Johnson', 'Wes Matthews', 'Jim McElroy', 'Tom McMillen', 'Sam Pellom', 'Tree Rollins', 'Dan Roundfield', 'Craig Shelton']"
1610612737,1981-82,"[76598, 76822, 76971, 77144, 77435, 77484, 77528, 77553, 77829, 78014, 78025, 78132, 600009]",Atlanta Hawks,"['John Drew', 'Mike Glenn', 'Steve Hawes', 'Eddie Johnson', 'Rudy Macklin', 'Wes Matthews', 'Jim McElroy', 'Tom McMillen', 'Sam Pellom', 'Tree Rollins', 'Dan Roundfield', 'Craig Shelton', 'Rory Sparrow']"
1610612737,1982-83,"[76283, 76526, 76638, 76822, 76968, 77144, 77149, 77435, 77484, 77553, 78014, 78025, 78200, 1122]",Atlanta Hawks,"['Rickey Brown', 'Johnny Davis', 'Keith Edmonson', 'Mike Glenn', 'Scott Hastings', 'Eddie Johnson', 'George Johnson', 'Rudy Macklin', 'Wes Matthews', 'Tom McMillen', 'Tree Rollins', 'Dan Roundfield', 'Randy Smith', 'Dominique Wilkins']"
1610612737,1983-84,"[76283, 76471, 76526, 76822, 76968, 77024, 77144, 77334, 77817, 77861, 470, 78014, 78025, 1122, 78570, 1456]",Atlanta Hawks,"['Rickey Brown', 'Charlie Criss', 'Johnny Davis', 'Mike Glenn', 'Scott Hastings', 'Armond Hill', 'Eddie Johnson', 'Mark Landsberger', 'Billy Paultz', 'John Pinone', 'Doc Rivers', 'Tree Rollins', 'Dan Roundfield', 'Dominique Wilkins', 'Sly Williams', 'Randy Wittman']"
1610612737,1984-85,"[76283, 156, 76471, 76632, 76822, 76847, 76968, 77144, 77377, 77415, 77916, 470, 78014, 78048, 1122, 78570, 788, 1456]",Atlanta Hawks,"['Rickey Brown', 'Antoine Carr', 'Charlie Criss', 'Jerry Eaves', 'Mike Glenn', 'Stewart Granger', 'Scott Hastings', 'Eddie Johnson', 'Cliff Levingston', 'Sidney Lowe', 'Leo Rautins', 'Doc Rivers', 'Tree Rollins', 'Walker Russell', 'Dominique Wilkins', 'Sly Williams', 'Kevin Willis', 'Randy Wittman']"
1610612737,1985-86,"[174, 156, 76384, 76526, 76968, 77144, 402, 77377, 470, 78014, 892, 1122, 78571, 788, 1456]",Atlanta Hawks,"['John Battle', 'Antoine Carr', 'Lorenzo Charles', 'Johnny Davis', 'Scott Hastings', 'Eddie Johnson', 'Jon Koncak', 'Cliff Levingston', 'Doc Rivers', 'Tree Rollins', 'Spud Webb', 'Dominique Wilkins', 'Ray Williams', 'Kevin Willis', 'Randy Wittman']"
1610612737,1986-87,"[174, 156, 76968, 402, 77377, 77530, 470, 78014, 892, 1122, 78549, 788, 78581, 1456]",Atlanta Hawks,"['John Battle', 'Antoine Carr', 'Scott Hastings', 'Jon Koncak', 'Cliff Levingston', 'Mike McGee', 'Doc Rivers', 'Tree Rollins', 'Spud Webb', 'Dominique Wilkins', 'Gus Williams', 'Kevin Willis', 'Mike Wilson', 'Randy Wittman']"
1610612737,1987-88,"[174, 156, 76968, 402, 77377, 470, 78014, 78463, 892, 941, 1122, 788, 1456, 78611]",Atlanta Hawks,"['John Battle', 'Antoine Carr', 'Scott Hastings', 'Jon Koncak', 'Cliff Levingston', 'Doc Rivers', 'Tree Rollins', 'Chris Washburn', 'Spud Webb', 'Ennis Whatley', 'Dominique Wilkins', 'Kevin Willis', 'Randy Wittman', 'Leon Wood']"
1610612737,1988-89,"[174, 76231, 156, 273, 402, 77377, 77449, 77456, 470, 78310, 78348, 892, 1122]",Atlanta Hawks,"['John Battle', 'Dudley Bradley', 'Antoine Carr', 'Duane Ferrell', 'Jon Koncak', 'Cliff Levingston', 'Moses Malone', 'Pace Mannion', 'Doc Rivers', 'Reggie Theus', 'Ray Tolbert', 'Spud Webb', 'Dominique Wilkins']"
1610612737,1989-90,"[174, 273, 402, 77377, 1381, 77449, 77460, 77484, 470, 181, 78421, 892, 1122, 78558, 788, 906]",Atlanta Hawks,"['John Battle', 'Duane Ferrell', 'Jon Koncak', 'Cliff Levingston', 'John Long', 'Moses Malone', 'Roy Marble', 'Wes Matthews', 'Doc Rivers', 'Kenny Smith', 'Alexander Volkov', 'Spud Webb', 'Dominique Wilkins', 'Mike Williams', 'Kevin Willis', 'Haywoode Workman']"
1610612737,1990-91,"[174, 273, 402, 77370, 77449, 77516, 77626, 470, 716, 892, 1122, 788, 1027]",Atlanta Hawks,"['John Battle', 'Duane Ferrell', 'Jon Koncak', 'Gary Leonard', 'Moses Malone', 'Tim McCormick', 'Sidney Moncrief', 'Doc Rivers', 'Rumeal Robinson', 'Spud Webb', 'Dominique Wilkins', 'Kevin Willis', 'Trevor Wilson']"
1610612737,1991-92,"[278, 76385, 273, 76842, 402, 77370, 77496, 77628, 78656, 716, 1874, 78421, 78528, 1122, 788]",Atlanta Hawks,"['Stacey Augmon', 'Maurice Cheeks', 'Duane Ferrell', 'Paul Graham', 'Jon Koncak', 'Gary Leonard', 'Travis Mays', 'Rodney Monroe', 'Blair Rasmussen', 'Rumeal Robinson', 'Jeff Sanders', 'Alexander Volkov', 'Morlon Wiley', 'Dominique Wilkins', 'Kevin Willis']"
1610612737,1992-93,"[278, 302, 76247, 273, 323, 76842, 1667, 228, 402, 77496, 78656, 1874, 1122, 788]",Atlanta Hawks,"['Stacey Augmon', 'Mookie Blaylock', 'Randy Breuer', 'Duane Ferrell', 'Greg Foster', 'Paul Graham', 'Steve Henson', 'Adam Keefe', 'Jon Koncak', 'Travis Mays', 'Blair Rasmussen', 'Jeff Sanders', 'Dominique Wilkins', 'Kevin Willis']"
1610612737,1993-94,"[278, 76082, 302, 346, 378, 273, 76839, 76842, 228, 402, 457, 330, 941, 788]",Atlanta Hawks,"['Stacey Augmon', 'John Bagley', 'Mookie Blaylock', 'Doug Edwards', 'Craig Ehlo', 'Duane Ferrell', 'Ricky Grace', 'Paul Graham', 'Adam Keefe', 'Jon Koncak', 'Andrew Lang', 'Danny Manning', 'Ennis Whatley', 'Kevin Willis']"
1610612737,1994-95,"[246, 278, 76128, 302, 895, 346, 378, 77064, 402, 457, 77372, 80, 1844, 941, 78528]",Atlanta Hawks,"['Greg Anderson', 'Stacey Augmon', 'Sergei Bazarevich', 'Mookie Blaylock', 'Tyrone Corbin', 'Doug Edwards', 'Craig Ehlo', 'Tom Hovasse', 'Jon Koncak', 'Andrew Lang', 'Jim Les', 'Ken Norman', 'Fred Vinson', 'Ennis Whatley', 'Morlon Wiley']"
1610612737,1995-96,"[278, 378, 80, 1118, 120, 302, 77690, 674, 671, 363, 3, 673, 399, 672]",Atlanta Hawks,"['Stacey Augmon', 'Craig Ehlo', 'Ken Norman', 'Tim Kempton', 'Steven Smith', 'Mookie Blaylock', 'Howard Nathan', 'Reggie Jordan', 'Donnie Boyce', 'Christian Laettner', 'Grant Long', 'Alan Henderson', 'Sean Rooks', 'Matt Bullard']"
1610612737,1996-97,"[695, 120, 302, 968, 468, 1096, 363, 895, 241, 1080, 673, 87]",Atlanta Hawks,"['Eldridge Recasner', 'Steven Smith', 'Mookie Blaylock', 'Priest Lauderdale', 'Jon Barry', 'Ivano Newbill', 'Christian Laettner', 'Tyrone Corbin', 'Darrin Hancock', 'Henry James', 'Alan Henderson', 'Dikembe Mutombo']"
1610612737,1997-98,"[246, 292, 695, 1544, 120, 302, 1003, 363, 895, 673, 359, 87]",Atlanta Hawks,"['Greg Anderson', 'Anthony Miller', 'Eldridge Recasner', 'Chris Crawford', 'Steven Smith', 'Mookie Blaylock', 'Drew Barry', 'Christian Laettner', 'Tyrone Corbin', 'Alan Henderson', 'Chucky Brown', 'Dikembe Mutombo']"
1610612737,1998-99,"[1544, 1728, 120, 302, 1516, 1533, 895, 770, 3, 673, 87]",Atlanta Hawks,"['Chris Crawford', 'Roshown McLeod', 'Steven Smith', 'Mookie Blaylock', 'Ed Gray', 'Anthony Johnson', 'Tyrone Corbin', 'Mark West', 'Grant Long', 'Alan Henderson', 'Dikembe Mutombo']"
1610612737,1999-00,"[1898, 1544, 1901, 1728, 1003, 902, 111, 754, 1891, 953, 673, 87]",Atlanta Hawks,"['Cal Bowdler', 'Chris Crawford', 'Dion Glover', 'Roshown McLeod', 'Drew Barry', 'Bimbo Coles', 'LaPhonso Ellis', 'Jim Jackson', 'Jason Terry', 'Lorenzen Wright', 'Alan Henderson', 'Dikembe Mutombo']"
1610612737,2000-01,"[2035, 1737, 1898, 1544, 1901, 389, 1074, 2069, 1510, 1891, 953, 673]",Atlanta Hawks,"['DerMarr Johnson', 'Nazr Mohammed', 'Cal Bowdler', 'Chris Crawford', 'Dion Glover', 'Toni Kukoc', 'Matt Maloney', 'Hanno Mottola', 'Brevin Knight', 'Jason Terry', 'Lorenzen Wright', 'Alan Henderson']"
1610612737,2001-02,"[2035, 1737, 949, 1901, 1898, 389, 1521, 2069, 1956, 1110, 1891, 1910, 673]",Atlanta Hawks,"['DerMarr Johnson', 'Nazr Mohammed', 'Shareef Abdur-Rahim', 'Dion Glover', 'Cal Bowdler', 'Toni Kukoc', 'Jacque Vaughn', 'Hanno Mottola', 'Ira Newble', 'Mark Strickland', 'Jason Terry', 'Leon Smith', 'Alan Henderson']"
1610612737,2002-03,"[1737, 949, 1544, 176, 1901, 2466, 1032, 2424, 299, 1956, 1023, 712, 1891, 689, 673, 2321]",Atlanta Hawks,"['Nazr Mohammed', 'Shareef Abdur-Rahim', 'Chris Crawford', 'Antonio Harvey', 'Dion Glover', 'Maurice Carter', 'Darvin Ham', 'Dan Dickau', 'Glenn Robinson', 'Ira Newble', 'Emanual Davis', 'Mario Bennett', 'Jason Terry', 'Theo Ratliff', 'Alan Henderson', 'Paul Shirley']"
1610612737,2003-04,"[1536, 682, 1544, 2580, 445, 2038, 1521, 1442, 1918, 1891, 2564, 2214, 2055, 2044, 673]",Atlanta Hawks,"['Stephen Jackson', 'Bob Sura', 'Chris Crawford', 'Travis Hansen', 'Wesley Person', 'Joel Przybilla', 'Jacque Vaughn', 'Zeljko Rebraca', 'Obinna Ekezie', 'Jason Terry', 'Boris Diaw', 'Michael Bradley', ""Mamadou N'diaye"", 'Jason Collier', 'Alan Henderson']"
1610612737,2004-05,"[960, 2735, 1733, 2746, 339, 1731, 2564, 1542, 2764, 2767, 2044, 788, 1565]",Atlanta Hawks,"['Tony Delk', 'Josh Childress', 'Al Harrington', 'Josh Smith', 'Tom Gugliotta', 'Tyronn Lue', 'Boris Diaw', 'Predrag Drobnjak', 'Donta Smith', 'Royal Ivey', 'Jason Collier', 'Kevin Willis', 'Michael Stewart']"
1610612737,2005-06,"[2735, 2207, 1733, 2746, 1731, 101212, 2764, 101219, 101136, 101107, 2585, 2767, 2823]",Atlanta Hawks,"['Josh Childress', 'Joe Johnson', 'Al Harrington', 'Josh Smith', 'Tyronn Lue', 'Esteban Batista', 'Donta Smith', 'Anthony Grundy', 'Salim Stoudamire', 'Marvin Williams', 'Zaza Pachulia', 'Royal Ivey', 'John Edwards']"
1610612737,2006-07,"[2735, 2207, 2098, 2746, 1533, 1731, 101212, 2049, 101136, 101107, 2585, 200749, 2767, 953, 200780]",Atlanta Hawks,"['Josh Childress', 'Joe Johnson', 'Slava Medvedenko', 'Josh Smith', 'Anthony Johnson', 'Tyronn Lue', 'Esteban Batista', 'Speedy Claxton', 'Salim Stoudamire', 'Marvin Williams', 'Zaza Pachulia', 'Shelden Williams', 'Royal Ivey', 'Lorenzen Wright', 'Solomon Jones']"
1610612737,2007-08,"[2735, 2207, 201151, 2746, 201238, 1710, 2049, 201143, 101136, 101107, 2585, 200978, 200780]",Atlanta Hawks,"['Josh Childress', 'Joe Johnson', 'Acie Law', 'Josh Smith', 'Mario West', 'Mike Bibby', 'Speedy Claxton', 'Al Horford', 'Salim Stoudamire', 'Marvin Williams', 'Zaza Pachulia', 'Jeremy Richardson', 'Solomon Jones']"
1610612737,2008-09,"[2230, 2207, 201242, 201151, 2746, 201238, 1710, 2049, 201143, 2436, 101107, 2585, 201043, 200780, 201629]",Atlanta Hawks,"['Maurice Evans', 'Joe Johnson', 'Thomas Gardner', 'Acie Law', 'Josh Smith', 'Mario West', 'Mike Bibby', 'Speedy Claxton', 'Al Horford', 'Flip Murray', 'Marvin Williams', 'Zaza Pachulia', 'Randolph Morris', 'Solomon Jones', 'Othello Hunter']"
1610612737,2009-10,"[201952, 2230, 2207, 2746, 201238, 1710, 2037, 201143, 101107, 2585, 693, 201043, 2215]",Atlanta Hawks,"['Jeff Teague', 'Maurice Evans', 'Joe Johnson', 'Josh Smith', 'Mario West', 'Mike Bibby', 'Jamal Crawford', 'Al Horford', 'Marvin Williams', 'Zaza Pachulia', 'Joe Smith', 'Randolph Morris', 'Jason Collins']"
1610612737,2010-11,"[201952, 2207, 2863, 2746, 2550, 2037, 2694, 201143, 202377, 101107, 202375, 2585, 200756, 2215, 2041]",Atlanta Hawks,"['Jeff Teague', 'Joe Johnson', 'Damien Wilkins', 'Josh Smith', 'Kirk Hinrich', 'Jamal Crawford', 'Josh Powell', 'Al Horford', 'Pape Sy', 'Marvin Williams', 'Magnum Rolle', 'Zaza Pachulia', 'Hilton Armstrong', 'Jason Collins', 'Etan Thomas']"
1610612737,2011-12,"[201952, 1503, 2207, 2746, 2550, 2457, 201143, 101107, 956, 2585, 2584, 2215, 711, 201274, 2209]",Atlanta Hawks,"['Jeff Teague', 'Tracy McGrady', 'Joe Johnson', 'Josh Smith', 'Kirk Hinrich', 'Jannero Pargo', 'Al Horford', 'Marvin Williams', 'Erick Dampier', 'Zaza Pachulia', 'Willie Green', 'Jason Collins', 'Jerry Stackhouse', 'Ivan Johnson', 'Vladimir Radmanovic']"
1610612737,2012-13,"[201952, 101150, 201229, 2746, 202714, 101130, 203098, 201143, 2594, 2585, 2563, 203118, 2734, 201274, 2052]",Atlanta Hawks,"['Jeff Teague', 'Lou Williams', 'Anthony Tolliver', 'Josh Smith', 'Shelvin Mack', 'Johan Petro', 'John Jenkins', 'Al Horford', 'Kyle Korver', 'Zaza Pachulia', 'Dahntay Jones', 'Mike Scott', 'Devin Harris', 'Ivan Johnson', 'DeShawn Stevenson']"
1610612737,2013-14,"[201952, 101150, 200794, 201960, 203544, 202714, 203098, 202970, 201143, 203471, 201858, 2594, 203488, 203118, 1882]",Atlanta Hawks,"['Jeff Teague', 'Lou Williams', 'Paul Millsap', 'DeMarre Carroll', 'Pero Antic', 'Shelvin Mack', 'John Jenkins', 'Gustavo Ayon', 'Al Horford', 'Dennis Schroder', 'Cartier Martin', 'Kyle Korver', 'Mike Muscala', 'Mike Scott', 'Elton Brand']"
1610612737,2014-15,"[201952, 201948, 200794, 201960, 203544, 1882, 202714, 203098, 201143, 203471, 203145, 200757, 2594, 203488, 203118]",Atlanta Hawks,"['Jeff Teague', 'Austin Daye', 'Paul Millsap', 'DeMarre Carroll', 'Pero Antic', 'Elton Brand', 'Shelvin Mack', 'John Jenkins', 'Al Horford', 'Dennis Schroder', 'Kent Bazemore', 'Thabo Sefolosha', 'Kyle Korver', 'Mike Muscala', 'Mike Scott']"
1610612737,2015-16,"[201952, 200794, 203501, 201168, 2550, 203934, 201143, 203471, 204002, 203145, 200757, 2594, 203488, 203118, 2743]",Atlanta Hawks,"['Jeff Teague', 'Paul Millsap', 'Tim Hardaway Jr.', 'Tiago Splitter', 'Kirk Hinrich', 'Lamar Patterson', 'Al Horford', 'Dennis Schroder', 'Edy Tavares', 'Kent Bazemore', 'Thabo Sefolosha', 'Kyle Korver', 'Mike Muscala', 'Mike Scott', 'Kris Humphries']"
1610612737,2016-17,"[200794, 1627098, 101141, 2730, 203501, 1627752, 101181, 203471, 203145, 200757, 203527, 203488, 2399, 2743, 1627761]",Atlanta Hawks,"['Paul Millsap', 'Malcolm Delaney', 'Ersan Ilyasova', 'Dwight Howard', 'Tim Hardaway Jr.', 'Taurean Prince', 'Jose Calderon', 'Dennis Schroder', 'Kent Bazemore', 'Thabo Sefolosha', 'Ryan Kelly', 'Mike Muscala', 'Mike Dunleavy', 'Kris Humphries', ""DeAndre' Bembry""]"
1610612737,2017-18,"[1628499, 1628416, 1628537, 1628510, 1627098, 202379, 1627814, 203705, 1627752, 203473, 203471, 203101, 1628381, 1627819, 203145, 203488, 1628463, 1627761]",Atlanta Hawks,"['Antonius Cleveland', 'Tyler Dorsey', 'Jaylen Morris', 'Andrew White III', 'Malcolm Delaney', 'Jeremy Evans', 'Damion Lee', 'Josh Magette', 'Taurean Prince', 'Dewayne Dedmon', 'Dennis Schroder', 'Miles Plumlee', 'John Collins', 'Isaiah Taylor', 'Kent Bazemore', 'Mike Muscala', 'Tyler Cavanaugh', ""DeAndre' Bembry""]"
1610612737,2018-19,"[1626147, 1628989, 1629016, 1629353, 1629121, 1629027, 1627752, 203473, 1713, 203101, 1628381, 1627816, 203145, 203458, 1627761]",Atlanta Hawks,"['Justin Anderson', 'Kevin Huerter', 'Omari Spellman', 'Isaac Humphries', 'Jaylen Adams', 'Trae Young', 'Taurean Prince', 'Dewayne Dedmon', 'Vince Carter', 'Miles Plumlee', 'John Collins', 'Alex Poythress', 'Kent Bazemore', 'Alex Len', ""DeAndre' Bembry""]"
1610612737,2019-20,"[201952, 1629164, 1626203, 1628989, 1629718, 1627746, 1629027, 1629631, 203473, 203991, 1713, 1628381, 1629629, 1628981, 1627745, 1627761]",Atlanta Hawks,"['Jeff Teague', 'Brandon Goodwin', 'Treveon Graham', 'Kevin Huerter', 'Charlie Brown Jr.', 'Skal Labissiere', 'Trae Young', ""De'Andre Hunter"", 'Dewayne Dedmon', 'Clint Capela', 'Vince Carter', 'John Collins', 'Cam Reddish', 'Bruno Fernando', 'Damian Jones', ""DeAndre' Bembry""]"
1610612737,2020-21,"[1629164, 1630233, 1628989, 1630219, 101150, 201568, 1629027, 1629631, 203992, 203991, 1630168, 203524, 203503, 1628381, 1629629, 1628981, 1627739]",Atlanta Hawks,"['Brandon Goodwin', 'Nathan Knight', 'Kevin Huerter', 'Skylar Mays', 'Lou Williams', 'Danilo Gallinari', 'Trae Young', ""De'Andre Hunter"", 'Bogdan Bogdanovic', 'Clint Capela', 'Onyeka Okongwu', 'Solomon Hill', 'Tony Snell', 'John Collins', 'Cam Reddish', 'Bruno Fernando', 'Kris Dunn']"
1610612737,2021-22,"[1626153, 1630552, 1630536, 1628989, 1630219, 1628995, 101150, 1627789, 201568, 203476, 1629027, 1629631, 203992, 203991, 1630168, 1628381, 1630602]",Atlanta Hawks,"['Delon Wright', 'Jalen Johnson', 'Sharife Cooper', 'Kevin Huerter', 'Skylar Mays', 'Kevin Knox II', 'Lou Williams', 'Timothe Luwawu-Cabarrot', 'Danilo Gallinari', 'Gorgui Dieng', 'Trae Young', ""De'Andre Hunter"", 'Bogdan Bogdanovic', 'Clint Capela', 'Onyeka Okongwu', 'John Collins', 'Chaundee Brown Jr.']"
1610612737,2022-23,"[1631495, 1628981, 1630552, 1630235, 1628988, 1627749, 1629027, 1629631, 203992, 1631100, 203991, 1630168, 1628381, 1631213, 1629726, 1630249, 1630180]",Atlanta Hawks,"['Donovan Williams', 'Bruno Fernando', 'Jalen Johnson', 'Trent Forrest', 'Aaron Holiday', 'Dejounte Murray', 'Trae Young', ""De'Andre Hunter"", 'Bogdan Bogdanovic', 'AJ Griffin', 'Clint Capela', 'Onyeka Okongwu', 'John Collins', 'Tyrese Martin', 'Garrison Mathews', 'Vit Krejci', 'Saddiq Bey']"
1610612737,2023-24,"[1630552, 1630235, 1641754, 1641723, 1627749, 1629027, 1629631, 203992, 1631100, 203991, 1630168, 1631243, 1629685, 1628981, 1629726, 1630249, 202083, 1630180]",Atlanta Hawks,"['Jalen Johnson', 'Trent Forrest', 'Seth Lundy', 'Kobe Bufkin', 'Dejounte Murray', 'Trae Young', ""De'Andre Hunter"", 'Bogdan Bogdanovic', 'AJ Griffin', 'Clint Capela', 'Onyeka Okongwu', 'Mouhamed Gueye', 'Dylan Windler', 'Bruno Fernando', 'Garrison Mathews', 'Vit Krejci', 'Wesley Matthews', 'Saddiq Bey']"
1610612738,1946-47,"[76254, 76432, 76470, 76609, 76653, 76706, 76780, 76863, 77031, 77035, 77237, 77304, 77672, 78154, 78153, 78226, 78411]",Boston Celtics,"['Al Brightman', 'Chuck Connors', 'Hal Crisler', 'Bob Duffy', 'Don Eliason', 'Bill Fenley', 'Jack Garfinkel', 'Wyndol Gray', 'Mel Hirsch', 'Adolph Hoefer', 'Gerard Kelly', 'Harold Kottman', 'Dick Murphy', 'Johnny Simmons', 'Connie Simmons', 'Art Spector', 'Virgil Vaughn']"
1610612738,1947-48,"[76432, 76649, 76780, 76935, 77014, 77035, 77462, 77665, 77735, 77958, 78050, 78153, 78226, 78275]",Boston Celtics,"['Chuck Connors', 'Eddie Ehlers', 'Jack Garfinkel', 'Cecil Hankins', 'Jack Hewson', 'Adolph Hoefer', 'Saul Mariaschin', 'George Munroe', 'Stan Noszka', 'Mel Riebe', 'Ed Sadowski', 'Connie Simmons', 'Art Spector', 'Gene Stump']"
1610612738,1948-49,"[76080, 76139, 76582, 76649, 76689, 76692, 76780, 76982, 77218, 77238, 77277, 77417, 77734, 77735, 77745, 78114, 78226, 78275]",Boston Celtics,"['Johnny Bach', 'Hank Beenders', 'Bob Doll', 'Eddie Ehlers', 'Johnny Ezersky', 'Phil Farbman', 'Jack Garfinkel', 'John W. Hazen', 'George Kaftan', 'Tom Kelly', 'Bob Kinney', 'Al Lucas', 'George Nostrand', 'Stan Noszka', ""Dermie O'Connell"", 'Jim Seminoff', 'Art Spector', 'Gene Stump']"
1610612738,1949-50,"[76582, 76677, 77011, 77218, 77277, 77346, 77366, 77443, 77659, 78114, 78124, 78226, 78434]",Boston Celtics,"['Bob Doll', 'Gene Englund', 'Sidney Hertzberg', 'George Kaftan', 'Bob Kinney', 'Tony Lavelli', 'Ed Leede', 'John Mahnken', 'Joe Mullaney', 'Jim Seminoff', 'Howie Shannon', 'Art Spector', 'Brady Walker']"
1610612738,1950-51,"[76442, 600003, 76584, 76615, 76959, 77007, 77011, 77319, 77366, 77429, 77546, 78240]",Boston Celtics,"['Chuck Cooper', 'Bob Cousy', 'Bob Donham', 'Andy Duncan', 'Bob Harris', 'Clarence Hermsen', 'Sidney Hertzberg', 'Frank Kudelka', 'Ed Leede', 'Ed Macauley', 'Horace McKinney', 'Ed Stanczak']"
1610612738,1951-52,"[76238, 76442, 600003, 76565, 76584, 76959, 77429, 77443, 77546, 78126]",Boston Celtics,"['Bob Brannum', 'Chuck Cooper', 'Bob Cousy', 'Dick Dickey', 'Bob Donham', 'Bob Harris', 'Ed Macauley', 'John Mahnken', 'Horace McKinney', 'Bill Sharman']"
1610612738,1952-53,"[76238, 76428, 76442, 600003, 76584, 76959, 77429, 77443, 77444, 78012, 78126]",Boston Celtics,"['Bob Brannum', 'Gene Conley', 'Chuck Cooper', 'Bob Cousy', 'Bob Donham', 'Bob Harris', 'Ed Macauley', 'John Mahnken', 'Francis Mahoney', 'Kenny Rollins', 'Bill Sharman']"
1610612738,1953-54,"[76102, 76114, 76238, 76442, 600003, 76584, 76959, 77429, 77590, 77713, 78126]",Boston Celtics,"['Don Barksdale', 'Ernie Barrett', 'Bob Brannum', 'Chuck Cooper', 'Bob Cousy', 'Bob Donham', 'Bob Harris', 'Ed Macauley', 'Ed Mikan', 'Jack Nichols', 'Bill Sharman']"
1610612738,1954-55,"[76102, 76238, 600003, 77429, 77648, 77713, 77791, 77907, 78094, 78126, 78506]",Boston Celtics,"['Don Barksdale', 'Bob Brannum', 'Bob Cousy', 'Ed Macauley', 'Dwight Morrison', 'Jack Nichols', 'Togo Palazzi', 'Frank Ramsey', 'Freddie Scolari', 'Bill Sharman', 'Lucian Whitaker']"
1610612738,1955-56,"[76114, 600003, 76989, 77409, 77429, 77648, 77713, 77791, 77967, 78126]",Boston Celtics,"['Ernie Barrett', 'Bob Cousy', 'Dick Hemric', 'Jim Loscutoff', 'Ed Macauley', 'Dwight Morrison', 'Jack Nichols', 'Togo Palazzi', 'Arnie Risen', 'Bill Sharman']"
1610612738,1956-57,"[600003, 76988, 76989, 77409, 77713, 77853, 77907, 77967, 78049, 78126, 78371]",Boston Celtics,"['Bob Cousy', 'Tom Heinsohn', 'Dick Hemric', 'Jim Loscutoff', 'Jack Nichols', 'Andy Phillip', 'Frank Ramsey', 'Arnie Risen', 'Bill Russell', 'Bill Sharman', 'Lou Tsioropoulos']"
1610612738,1957-58,"[600003, 76988, 77196, 77409, 77713, 77853, 77907, 77967, 78049, 78126, 78371]",Boston Celtics,"['Bob Cousy', 'Tom Heinsohn', 'Sam Jones', 'Jim Loscutoff', 'Jack Nichols', 'Andy Phillip', 'Frank Ramsey', 'Arnie Risen', 'Bill Russell', 'Bill Sharman', 'Lou Tsioropoulos']"
1610612738,1958-59,"[76428, 600003, 76988, 77188, 77196, 77409, 77907, 78049, 78126, 78283, 78371]",Boston Celtics,"['Gene Conley', 'Bob Cousy', 'Tom Heinsohn', 'K.C. Jones', 'Sam Jones', 'Jim Loscutoff', 'Frank Ramsey', 'Bill Russell', 'Bill Sharman', 'Bennie Swain', 'Lou Tsioropoulos']"
1610612738,1959-60,"[76428, 600003, 76900, 76988, 77188, 77196, 77272, 77409, 77907, 77954, 78049, 78126]",Boston Celtics,"['Gene Conley', 'Bob Cousy', 'Gene Guarilia', 'Tom Heinsohn', 'K.C. Jones', 'Sam Jones', 'Maury King', 'Jim Loscutoff', 'Frank Ramsey', 'John Richter', 'Bill Russell', 'Bill Sharman']"
1610612738,1960-61,"[76428, 600003, 76900, 76988, 77188, 77196, 77409, 77907, 78049, 78060, 78126]",Boston Celtics,"['Gene Conley', 'Bob Cousy', 'Gene Guarilia', 'Tom Heinsohn', 'K.C. Jones', 'Sam Jones', 'Jim Loscutoff', 'Frank Ramsey', 'Bill Russell', 'Thomas Sanders', 'Bill Sharman']"
1610612738,1961-62,"[76243, 600003, 76900, 76988, 77196, 77188, 77409, 77855, 77907, 78049, 78060]",Boston Celtics,"['Carl Braun', 'Bob Cousy', 'Gene Guarilia', 'Tom Heinsohn', 'Sam Jones', 'K.C. Jones', 'Jim Loscutoff', 'Gary Phillips', 'Frank Ramsey', 'Bill Russell', 'Thomas Sanders']"
1610612738,1962-63,"[600003, 76900, 76970, 76988, 77188, 77196, 77409, 77414, 77907, 78049, 78060, 78285]",Boston Celtics,"['Bob Cousy', 'Gene Guarilia', 'John Havlicek', 'Tom Heinsohn', 'K.C. Jones', 'Sam Jones', 'Jim Loscutoff', 'Clyde Lovellette', 'Frank Ramsey', 'Bill Russell', 'Thomas Sanders', 'Dan Swartz']"
1610612738,1963-64,"[76970, 76988, 77188, 77196, 77409, 77414, 77506, 77693, 77907, 78049, 78060, 78147]",Boston Celtics,"['John Havlicek', 'Tom Heinsohn', 'K.C. Jones', 'Sam Jones', 'Jim Loscutoff', 'Clyde Lovellette', 'Johnny McCarthy', 'Willie Naulls', 'Frank Ramsey', 'Bill Russell', 'Thomas Sanders', 'Larry Siegfried']"
1610612738,1964-65,"[76201, 76458, 76970, 76988, 77188, 77196, 77693, 77727, 78049, 78060, 78147, 78328, 78455]",Boston Celtics,"['Ron Bonham', 'Mel Counts', 'John Havlicek', 'Tom Heinsohn', 'K.C. Jones', 'Sam Jones', 'Willie Naulls', 'Robert Nordmann', 'Bill Russell', 'Thomas Sanders', 'Larry Siegfried', 'John Thompson', 'Gerry Ward']"
1610612738,1965-66,"[76201, 76458, 76877, 76970, 77188, 77196, 77693, 77700, 78049, 78060, 78064, 78147, 78328, 78474]",Boston Celtics,"['Ron Bonham', 'Mel Counts', 'Si Green', 'John Havlicek', 'K.C. Jones', 'Sam Jones', 'Willie Naulls', 'Don Nelson', 'Bill Russell', 'Thomas Sanders', 'Woody Sauldsberry', 'Larry Siegfried', 'John Thompson', 'Ron Watts']"
1610612738,1966-67,"[76106, 76668, 76970, 77070, 77188, 77196, 77259, 77700, 78049, 78060, 78147, 78474]",Boston Celtics,"['Jim Barnett', 'Wayne Embry', 'John Havlicek', 'Bailey Howell', 'K.C. Jones', 'Sam Jones', 'Toby Kimball', 'Don Nelson', 'Bill Russell', 'Thomas Sanders', 'Larry Siegfried', 'Ron Watts']"
1610612738,1967-68,"[76668, 76843, 76970, 77070, 77196, 77187, 77700, 78049, 78060, 78147, 78309, 78486]",Boston Celtics,"['Wayne Embry', 'Mal Graham', 'John Havlicek', 'Bailey Howell', 'Sam Jones', 'Johnny Jones', 'Don Nelson', 'Bill Russell', 'Thomas Sanders', 'Larry Siegfried', 'Tom Thacker', 'Rick Weitzman']"
1610612738,1968-69,"[76105, 76289, 76379, 76843, 76970, 77070, 77164, 77196, 77700, 78049, 78060, 78147]",Boston Celtics,"['Jim Barnes', 'Emmette Bryant', 'Don Chaney', 'Mal Graham', 'John Havlicek', 'Bailey Howell', 'Rich Johnson', 'Sam Jones', 'Don Nelson', 'Bill Russell', 'Thomas Sanders', 'Larry Siegfried']"
1610612738,1969-70,"[76105, 76289, 76379, 76716, 76970, 77070, 77164, 77316, 77700, 77716, 78060, 78147, 78510]",Boston Celtics,"['Jim Barnes', 'Emmette Bryant', 'Don Chaney', 'Hank Finkel', 'John Havlicek', 'Bailey Howell', 'Rich Johnson', 'Steve Kuberski', 'Don Nelson', 'Rich Niemann', 'Thomas Sanders', 'Larry Siegfried', 'Jojo White']"
1610612738,1970-71,"[76379, 76462, 76576, 76716, 76970, 77164, 77316, 77641, 77700, 78060, 78189, 78510, 78539]",Boston Celtics,"['Don Chaney', 'Dave Cowens', 'Bill Dinwiddie', 'Hank Finkel', 'John Havlicek', 'Rich Johnson', 'Steve Kuberski', 'Rex Morgan', 'Don Nelson', 'Thomas Sanders', 'Garfield Smith', 'Jojo White', 'Arthur Williams']"
1610612738,1971-72,"[76379, 76462, 76716, 76825, 76970, 77316, 77641, 77700, 78060, 78189, 78510, 78539]",Boston Celtics,"['Don Chaney', 'Dave Cowens', 'Hank Finkel', 'Clarence Glover', 'John Havlicek', 'Steve Kuberski', 'Rex Morgan', 'Don Nelson', 'Thomas Sanders', 'Garfield Smith', 'Jojo White', 'Arthur Williams']"
1610612738,1972-73,"[76379, 76462, 76716, 76970, 77316, 77612, 77700, 78060, 78151, 78500, 78510, 78539]",Boston Celtics,"['Don Chaney', 'Dave Cowens', 'Hank Finkel', 'John Havlicek', 'Steve Kuberski', 'Mark Minor', 'Don Nelson', 'Thomas Sanders', 'Paul Silas', 'Paul Westphal', 'Jojo White', 'Arthur Williams']"
1610612738,1973-74,"[76379, 76462, 76594, 76716, 76936, 76970, 77316, 77700, 78151, 78500, 78510, 78539]",Boston Celtics,"['Don Chaney', 'Dave Cowens', 'Steve Downing', 'Hank Finkel', 'Phil Hankinson', 'John Havlicek', 'Steve Kuberski', 'Don Nelson', 'Paul Silas', 'Paul Westphal', 'Jojo White', 'Arthur Williams']"
1610612738,1974-75,"[76055, 76379, 76409, 76462, 76594, 76716, 76936, 76970, 77525, 77700, 78151, 78237, 78500, 78510]",Boston Celtics,"['Jim Ard', 'Don Chaney', 'Ben Clyde', 'Dave Cowens', 'Steve Downing', 'Hank Finkel', 'Phil Hankinson', 'John Havlicek', 'Glenn McDonald', 'Don Nelson', 'Paul Silas', 'Kevin Stacom', 'Paul Westphal', 'Jojo White']"
1610612738,1975-76,"[76040, 76055, 76213, 76462, 76970, 77525, 77700, 78097, 78105, 78151, 78237, 78510]",Boston Celtics,"['Jerome Anderson', 'Jim Ard', 'Tom Boswell', 'Dave Cowens', 'John Havlicek', 'Glenn McDonald', 'Don Nelson', 'Charlie Scott', 'Ed Searcy', 'Paul Silas', 'Kevin Stacom', 'Jojo White']"
1610612738,1976-77,"[76055, 76213, 76437, 76462, 76970, 77316, 78028, 78065, 78097, 78237, 78510, 78520, 78585]",Boston Celtics,"['Jim Ard', 'Tom Boswell', 'Norm Cook', 'Dave Cowens', 'John Havlicek', 'Steve Kuberski', 'Curtis Rowe', 'Fred Saunders', 'Charlie Scott', 'Kevin Stacom', 'Jojo White', 'Sidney Wicks', 'Bobby Wilson']"
1610612738,1977-78,"[76002, 76165, 76166, 76213, 76379, 76462, 76568, 76970, 77316, 77487, 78028, 78097, 78237, 78467, 78510, 78520]",Boston Celtics,"['Zaid Abdul-Aziz', 'Bob Bigelow', 'Dave Bing', 'Tom Boswell', 'Don Chaney', 'Dave Cowens', 'Ernie DiGregorio', 'John Havlicek', 'Steve Kuberski', 'Cedric Maxwell', 'Curtis Rowe', 'Charlie Scott', 'Kevin Stacom', 'Kermit Washington', 'Jojo White', 'Sidney Wicks']"
1610612738,1978-79,"[76054, 76104, 76379, 76462, 76733, 77215, 77487, 77498, 77984, 78028, 78057, 78237, 78546]",Boston Celtics,"['Nate Archibald', 'Marvin Barnes', 'Don Chaney', 'Dave Cowens', 'Chris Ford', 'Jeff Judkins', 'Cedric Maxwell', 'Bob McAdoo', 'Rick Robey', 'Curtis Rowe', 'Frankie Sanders', 'Kevin Stacom', 'Earl Williams']"
1610612738,1979-80,"[76054, 1449, 76351, 76379, 76462, 76707, 76733, 76993, 77215, 77487, 77984]",Boston Celtics,"['Nate Archibald', 'Larry Bird', 'M.L. Carr', 'Don Chaney', 'Dave Cowens', 'Eric Fernsten', 'Chris Ford', 'Gerald Henderson', 'Jeff Judkins', 'Cedric Maxwell', 'Rick Robey']"
1610612738,1980-81,"[76054, 1449, 76351, 76707, 76733, 76993, 77312, 77487, 1450, 305, 77984]",Boston Celtics,"['Nate Archibald', 'Larry Bird', 'M.L. Carr', 'Eric Fernsten', 'Chris Ford', 'Gerald Henderson', 'Wayne Kreklow', 'Cedric Maxwell', 'Kevin McHale', 'Robert Parish', 'Rick Robey']"
1610612738,1981-82,"[76017, 76054, 1449, 76230, 76351, 76608, 76707, 76733, 76993, 77487, 1450, 305, 77984]",Boston Celtics,"['Danny Ainge', 'Nate Archibald', 'Larry Bird', 'Charles Bradley', 'M.L. Carr', 'Terry Duerod', 'Eric Fernsten', 'Chris Ford', 'Gerald Henderson', 'Cedric Maxwell', 'Kevin McHale', 'Robert Parish', 'Rick Robey']"
1610612738,1982-83,"[76017, 76054, 1449, 76230, 76296, 76351, 76993, 77487, 1450, 305, 77984, 78482]",Boston Celtics,"['Danny Ainge', 'Nate Archibald', 'Larry Bird', 'Charles Bradley', 'Quinn Buckner', 'M.L. Carr', 'Gerald Henderson', 'Cedric Maxwell', 'Kevin McHale', 'Robert Parish', 'Rick Robey', 'Scott Wedman']"
1610612738,1983-84,"[76017, 1449, 76296, 76351, 76398, 76993, 77141, 1123, 77487, 1450, 305, 78482]",Boston Celtics,"['Danny Ainge', 'Larry Bird', 'Quinn Buckner', 'M.L. Carr', 'Carlos Clark', 'Gerald Henderson', 'Dennis Johnson', 'Greg Kite', 'Cedric Maxwell', 'Kevin McHale', 'Robert Parish', 'Scott Wedman']"
1610612738,1984-85,"[76017, 1449, 76296, 76342, 76351, 76398, 77141, 1123, 77487, 1450, 305, 78482, 78571]",Boston Celtics,"['Danny Ainge', 'Larry Bird', 'Quinn Buckner', 'Rick Carlisle', 'M.L. Carr', 'Carlos Clark', 'Dennis Johnson', 'Greg Kite', 'Cedric Maxwell', 'Kevin McHale', 'Robert Parish', 'Scott Wedman', 'Ray Williams']"
1610612738,1985-86,"[76017, 1449, 76342, 77141, 1123, 1450, 305, 78146, 78314, 78417, 78450, 78482, 78570]",Boston Celtics,"['Danny Ainge', 'Larry Bird', 'Rick Carlisle', 'Dennis Johnson', 'Greg Kite', 'Kevin McHale', 'Robert Parish', 'Jerry Sichting', 'David Thirdkill', 'Sam Vincent', 'Bill Walton', 'Scott Wedman', 'Sly Williams']"
1610612738,1986-87,"[76017, 1449, 76342, 76543, 77002, 77141, 1123, 1450, 305, 122, 78146, 78314, 78377, 78417, 78450, 78482]",Boston Celtics,"['Danny Ainge', 'Larry Bird', 'Rick Carlisle', 'Darren Daye', 'Conner Henry', 'Dennis Johnson', 'Greg Kite', 'Kevin McHale', 'Robert Parish', 'Fred Roberts', 'Jerry Sichting', 'David Thirdkill', 'Andre Turner', 'Sam Vincent', 'Bill Walton', 'Scott Wedman']"
1610612738,1987-88,"[76009, 76017, 1449, 76543, 600014, 77141, 77384, 38, 1450, 77609, 305, 77819, 122]",Boston Celtics,"['Mark Acres', 'Danny Ainge', 'Larry Bird', 'Darren Daye', 'Artis Gilmore', 'Dennis Johnson', 'Reggie Lewis', 'Brad Lohaus', 'Kevin McHale', 'Dirk Minniefield', 'Robert Parish', 'Jim Paxson', 'Fred Roberts']"
1610612738,1988-89,"[76009, 1449, 76170, 333, 97, 77141, 170, 77384, 1450, 305, 77819, 291, 77969, 216, 78394]",Boston Celtics,"['Mark Acres', 'Larry Bird', 'Otis Birdsong', 'Kevin Gamble', 'Ronnie Grandison', 'Dennis Johnson', 'Joe Kleine', 'Reggie Lewis', 'Kevin McHale', 'Robert Parish', 'Jim Paxson', 'Ed Pinckney', 'Ramon Rivas', 'Brian Shaw', 'Kelvin Upshaw']"
1610612738,1989-90,"[76082, 1449, 333, 77141, 170, 77384, 1450, 305, 77819, 291, 78197, 78179]",Boston Celtics,"['John Bagley', 'Larry Bird', 'Kevin Gamble', 'Dennis Johnson', 'Joe Kleine', 'Reggie Lewis', 'Kevin McHale', 'Robert Parish', 'Jim Paxson', 'Ed Pinckney', 'Michael Smith', 'Charles Smith']"
1610612738,1990-91,"[1449, 244, 333, 170, 77384, 1450, 305, 291, 77872, 216, 78183, 78179, 78197, 1037, 78627]",Boston Celtics,"['Larry Bird', 'Dee Brown', 'Kevin Gamble', 'Joe Kleine', 'Reggie Lewis', 'Kevin McHale', 'Robert Parish', 'Ed Pinckney', 'Dave Popson', 'Brian Shaw', 'Derek Smith', 'Charles Smith', 'Michael Smith', 'Stojko Vrankovic', 'A.J. Wynder']"
1610612738,1991-92,"[76082, 1449, 244, 428, 296, 333, 76874, 170, 77384, 1450, 305, 291, 340, 1683, 1037]",Boston Celtics,"['John Bagley', 'Larry Bird', 'Dee Brown', 'Sherman Douglas', 'Rick Fox', 'Kevin Gamble', 'Rickey Green', 'Joe Kleine', 'Reggie Lewis', 'Kevin McHale', 'Robert Parish', 'Ed Pinckney', 'Kevin Pritchard', 'Larry Robinson', 'Stojko Vrankovic']"
1610612738,1992-93,"[76001, 76082, 76123, 244, 428, 296, 333, 170, 77294, 77384, 1365, 1450, 305, 291, 78478, 31]",Boston Celtics,"['Alaa Abdelnaby', 'John Bagley', 'Kenny Battle', 'Dee Brown', 'Sherman Douglas', 'Rick Fox', 'Kevin Gamble', 'Joe Kleine', 'Bart Kofoed', 'Reggie Lewis', 'Xavier McDaniel', 'Kevin McHale', 'Robert Parish', 'Ed Pinckney', 'Marcus Webb', 'Lorenzo Williams']"
1610612738,1993-94,"[76001, 244, 76450, 428, 768, 296, 333, 76961, 77387, 1365, 1429, 305, 291, 129, 78492]",Boston Celtics,"['Alaa Abdelnaby', 'Dee Brown', 'Chris Corchiani', 'Sherman Douglas', 'Acie Earl', 'Rick Fox', 'Kevin Gamble', 'Tony Harris', 'Todd Lichti', 'Xavier McDaniel', 'Jimmy Oliver', 'Robert Parish', 'Ed Pinckney', 'Dino Radja', 'Matt Wenstrom']"
1610612738,1994-95,"[1806, 244, 76542, 428, 768, 442, 296, 76961, 77081, 1365, 65, 376, 129, 400, 133, 1122]",Boston Celtics,"['James Blackwell', 'Dee Brown', 'Tony Dawson', 'Sherman Douglas', 'Acie Earl', 'Pervis Ellison', 'Rick Fox', 'Tony Harris', 'Jay Humphries', 'Xavier McDaniel', 'Greg Minor', 'Eric Montross', 'Dino Radja', 'Derek Strong', 'David Wesley', 'Dominique Wilkins']"
1610612738,1995-96,"[376, 133, 675, 244, 65, 344, 103, 442, 676, 475, 129, 296, 942, 1127, 175, 1132, 677]",Boston Celtics,"['Eric Montross', 'David Wesley', 'Junior Burrough', 'Dee Brown', 'Greg Minor', 'Dana Barros', 'Todd Day', 'Pervis Ellison', 'Thomas Hamilton', 'Doug Smith', 'Dino Radja', 'Rick Fox', 'Todd Mundt', 'Charles Claxton', 'Alton Lister', 'Larry Sykes', 'Eric Williams']"
1610612738,1996-97,"[133, 1138, 244, 952, 103, 1041, 55, 984, 1136, 296, 175, 677]",Boston Celtics,"['David Wesley', 'Michael Hawkins', 'Dee Brown', 'Antoine Walker', 'Todd Day', 'Nate Driggers', 'Marty Conlon', 'Steve Hamer', 'Brett Szabo', 'Rick Fox', 'Alton Lister', 'Eric Williams']"
1610612738,1997-98,"[962, 1500, 72, 952, 65, 344, 963, 721, 1682, 969, 692, 440]",Boston Celtics,"['Walter McCarty', 'Ron Mercer', 'Kenny Anderson', 'Antoine Walker', 'Greg Minor', 'Dana Barros', ""Dontae' Jones"", 'Tyus Edney', 'Reggie Hanson', 'Travis Knight', 'Andrew DeClercq', 'Zan Tabak']"
1610612738,1998-99,"[962, 1500, 72, 952, 344, 1477, 1800, 1718, 1499, 35, 958, 368]",Boston Celtics,"['Walter McCarty', 'Ron Mercer', 'Kenny Anderson', 'Antoine Walker', 'Dana Barros', 'Bruce Bowen', 'Damon Jones', 'Paul Pierce', 'Tony Battie', 'Eric Riley', 'Vitaly Potapenko', 'Dwayne Schintzius']"
1610612738,1999-00,"[962, 1499, 72, 952, 344, 77, 1504, 1718, 384, 1559, 958, 677]",Boston Celtics,"['Walter McCarty', 'Tony Battie', 'Kenny Anderson', 'Antoine Walker', 'Dana Barros', 'Doug Overton', 'Danny Fortson', 'Paul Pierce', 'Calbert Cheaney', 'Adrian Griffin', 'Vitaly Potapenko', 'Eric Williams']"
1610612738,2000-01,"[962, 1499, 2040, 952, 1960, 1914, 179, 1548, 1718, 1559, 958, 677]",Boston Celtics,"['Walter McCarty', 'Tony Battie', 'Jerome Moiso', 'Antoine Walker', 'Milt Palacio', 'Chris Herren', 'Bryant Stith', 'Mark Blount', 'Paul Pierce', 'Adrian Griffin', 'Vitaly Potapenko', 'Eric Williams']"
1610612738,2001-02,"[962, 1499, 72, 952, 2241, 1065, 960, 1548, 1718, 2208, 958, 915, 677]",Boston Celtics,"['Walter McCarty', 'Tony Battie', 'Kenny Anderson', 'Antoine Walker', 'Omar Cook', 'Erick Strickland', 'Tony Delk', 'Mark Blount', 'Paul Pierce', 'Kedrick Brown', 'Vitaly Potapenko', 'Rodney Rogers', 'Eric Williams']"
1610612738,2002-03,"[962, 1499, 2208, 960, 952, 2452, 1742, 1718, 1743, 452, 2106, 677]",Boston Celtics,"['Walter McCarty', 'Tony Battie', 'Kedrick Brown', 'Tony Delk', 'Antoine Walker', 'J.R. Bremer', 'Shammond Williams', 'Paul Pierce', 'Bruno Sundov', 'Vin Baker', 'Ruben Wolkowyski', 'Eric Williams']"
1610612738,2003-04,"[344, 962, 2036, 1565, 1088, 2556, 1729, 1908, 1548, 1718, 2570, 2412, 1711, 2081, 2599]",Boston Celtics,"['Dana Barros', 'Walter McCarty', 'Chris Mihm', 'Michael Stewart', 'Chucky Atkins', 'Marcus Banks', 'Ricky Davis', 'Jumaine Jones', 'Mark Blount', 'Paul Pierce', 'Kendrick Perkins', 'Jiri Welsch', 'Raef LaFrentz', 'Ernest Brown', 'Brandon Hunter']"
1610612738,2004-05,"[2744, 952, 2770, 2556, 1729, 2753, 56, 1548, 1718, 2754, 2570, 1711]",Boston Celtics,"['Al Jefferson', 'Antoine Walker', 'Justin Reed', 'Marcus Banks', 'Ricky Davis', 'Delonte West', 'Gary Payton', 'Mark Blount', 'Paul Pierce', 'Tony Allen', 'Kendrick Perkins', 'Raef LaFrentz']"
1610612738,2005-06,"[101158, 101155, 101123, 2744, 2753, 2424, 101204, 1718, 1709, 2754, 2570, 2243, 1711, 1887]",Boston Celtics,"['Orien Greene', 'Ryan Gomes', 'Gerald Green', 'Al Jefferson', 'Delonte West', 'Dan Dickau', 'Dwayne Jones', 'Paul Pierce', 'Michael Olowokandi', 'Tony Allen', 'Kendrick Perkins', 'Brian Scalabrine', 'Raef LaFrentz', 'Wally Szczerbiak']"
1610612738,2006-07,"[200796, 101155, 101123, 2744, 200765, 200810, 2753, 2742, 1718, 1709, 2754, 2570, 2243, 689, 1887]",Boston Celtics,"['Leon Powe', 'Ryan Gomes', 'Gerald Green', 'Al Jefferson', 'Rajon Rondo', 'Allan Ray', 'Delonte West', 'Sebastian Telfair', 'Paul Pierce', 'Michael Olowokandi', 'Tony Allen', 'Kendrick Perkins', 'Brian Scalabrine', 'Theo Ratliff', 'Wally Szczerbiak']"
1610612738,2007-08,"[200796, 708, 200765, 201175, 201172, 951, 208, 1718, 1899, 2754, 2570, 2243, 2067, 1513, 136]",Boston Celtics,"['Leon Powe', 'Kevin Garnett', 'Rajon Rondo', 'Glen Davis', 'Gabe Pruitt', 'Ray Allen', 'Sam Cassell', 'Paul Pierce', 'James Posey', 'Tony Allen', 'Kendrick Perkins', 'Brian Scalabrine', 'Eddie House', 'Scot Pollard', 'P.J. Brown']"
1610612738,2008-09,"[200796, 201592, 708, 1630, 950, 200765, 201175, 201611, 201172, 951, 1718, 2754, 2570, 2243, 2067]",Boston Celtics,"['Leon Powe', 'J.R. Giddens', 'Kevin Garnett', 'Mikki Moore', 'Stephon Marbury', 'Rajon Rondo', 'Glen Davis', 'Henry Walker', 'Gabe Pruitt', 'Ray Allen', 'Paul Pierce', 'Tony Allen', 'Kendrick Perkins', 'Brian Scalabrine', 'Eddie House']"
1610612738,2009-10,"[202070, 201802, 101126, 708, 2605, 200765, 201175, 200749, 951, 739, 1718, 714, 2754, 2570, 2243]",Boston Celtics,"['Tony Gaffney', 'Oliver Lafayette', 'Nate Robinson', 'Kevin Garnett', 'Marquis Daniels', 'Rajon Rondo', 'Glen Davis', 'Shelden Williams', 'Ray Allen', 'Rasheed Wallace', 'Paul Pierce', 'Michael Finley', 'Tony Allen', 'Kendrick Perkins', 'Brian Scalabrine']"
1610612738,2010-11,"[202340, 2420, 708, 979, 201145, 200765, 201175, 101144, 2753, 951, 2211, 1718, 406, 2306, 2562]",Boston Celtics,"['Avery Bradley', 'Nenad Krstic', 'Kevin Garnett', ""Jermaine O'Neal"", 'Jeff Green', 'Rajon Rondo', 'Glen Davis', 'Von Wafer', 'Delonte West', 'Ray Allen', 'Troy Murphy', 'Paul Pierce', ""Shaquille O'Neal"", 'Carlos Arroyo', 'Sasha Pavlovic']"
1610612738,2011-12,"[202340, 2605, 708, 200765, 2562, 202707, 951, 2554, 101138, 1718, 200797, 2039, 201880, 202734, 201157]",Boston Celtics,"['Avery Bradley', 'Marquis Daniels', 'Kevin Garnett', 'Rajon Rondo', 'Sasha Pavlovic', 'JaJuan Johnson', 'Ray Allen', 'Mickael Pietrus', 'Brandon Bass', 'Paul Pierce', 'Ryan Hollins', 'Keyon Dooling', 'Greg Stiemsma', ""E'Twaun Moore"", 'Sean Williams']"
1610612738,2012-13,"[202340, 1891, 708, 203096, 201145, 200765, 201584, 201591, 203097, 202348, 101138, 1718, 101183, 2404, 201944]",Boston Celtics,"['Avery Bradley', 'Jason Terry', 'Kevin Garnett', 'Jared Sullinger', 'Jeff Green', 'Rajon Rondo', 'Courtney Lee', 'DJ White', 'Fab Melo', 'Jordan Crawford', 'Brandon Bass', 'Paul Pierce', 'Shavlik Randolph', 'Chris Wilcox', 'Terrence Williams']"
1610612738,2013-14,"[202340, 2586, 203096, 201145, 200765, 201573, 203187, 203515, 101138, 203543, 203482, 2743, 2222, 201202, 203569]",Boston Celtics,"['Avery Bradley', 'Keith Bogans', 'Jared Sullinger', 'Jeff Green', 'Rajon Rondo', 'Jerryd Bayless', 'Chris Johnson', 'Phil Pressey', 'Brandon Bass', 'Vitor Faverani', 'Kelly Olynyk', 'Kris Humphries', 'Gerald Wallace', 'Joel Anthony', 'Chris Babb']"
1610612738,2014-15,"[202340, 202738, 203096, 201973, 202323, 203923, 203515, 101138, 203935, 203482, 203092, 2222, 203569, 203540, 203109]",Boston Celtics,"['Avery Bradley', 'Isaiah Thomas', 'Jared Sullinger', 'Jonas Jerebko', 'Evan Turner', 'James Young', 'Phil Pressey', 'Brandon Bass', 'Marcus Smart', 'Kelly Olynyk', 'Tyler Zeller', 'Gerald Wallace', 'Chris Babb', 'Gigi Datome', 'Jae Crowder']"
1610612738,2015-16,"[202340, 202738, 203096, 201973, 202323, 1626179, 203923, 1626154, 204066, 203935, 203482, 203092, 1626175, 101161, 203109]",Boston Celtics,"['Avery Bradley', 'Isaiah Thomas', 'Jared Sullinger', 'Jonas Jerebko', 'Evan Turner', 'Terry Rozier', 'James Young', 'RJ Hunter', 'John Holland', 'Marcus Smart', 'Kelly Olynyk', 'Tyler Zeller', 'Jordan Mickey', 'Amir Johnson', 'Jae Crowder']"
1610612738,2016-17,"[202340, 202738, 1627759, 201973, 1627743, 1626179, 203923, 101123, 203935, 203482, 201143, 203092, 1626175, 101161, 203109]",Boston Celtics,"['Avery Bradley', 'Isaiah Thomas', 'Jaylen Brown', 'Jonas Jerebko', 'Demetrius Jackson', 'Terry Rozier', 'James Young', 'Gerald Green', 'Marcus Smart', 'Kelly Olynyk', 'Al Horford', 'Tyler Zeller', 'Jordan Mickey', 'Amir Johnson', 'Jae Crowder']"
1610612738,2017-18,"[1628369, 1627759, 203499, 202918, 202681, 1626179, 202694, 202330, 1628444, 1628464, 1627846, 1627824, 203935, 1628400, 201143, 1628443, 203382, 202328, 1626780]",Boston Celtics,"['Jayson Tatum', 'Jaylen Brown', 'Shane Larkin', 'Xavier Silas', 'Kyrie Irving', 'Terry Rozier', 'Marcus Morris Sr.', 'Gordon Hayward', 'Jabari Bird', 'Daniel Theis', 'Abdel Nader', 'Guerschon Yabusele', 'Marcus Smart', 'Semi Ojeleye', 'Al Horford', 'Kadeem Allen', 'Aron Baynes', 'Greg Monroe', 'Jonathan Gibson']"
1610612738,2018-19,"[1628369, 1626780, 1627759, 202954, 202681, 1626179, 202694, 202330, 1628464, 1626154, 1627824, 203935, 1628400, 201143, 1629057, 203382, 1628408]",Boston Celtics,"['Jayson Tatum', 'Jonathan Gibson', 'Jaylen Brown', 'Brad Wanamaker', 'Kyrie Irving', 'Terry Rozier', 'Marcus Morris Sr.', 'Gordon Hayward', 'Daniel Theis', 'RJ Hunter', 'Guerschon Yabusele', 'Marcus Smart', 'Semi Ojeleye', 'Al Horford', 'Robert Williams III', 'Aron Baynes', 'PJ Dozier']"
1610612738,2019-20,"[1628369, 1629035, 1627759, 202689, 202954, 202683, 1629684, 202330, 1628464, 203935, 1628400, 1629750, 1629057, 1629641, 1629682, 1629738, 1629605]",Boston Celtics,"['Jayson Tatum', 'Carsen Edwards', 'Jaylen Brown', 'Kemba Walker', 'Brad Wanamaker', 'Enes Freedom', 'Grant Williams', 'Gordon Hayward', 'Daniel Theis', 'Marcus Smart', 'Semi Ojeleye', 'Javonte Green', 'Robert Williams III', 'Romeo Langford', 'Tremont Waters', 'Vincent Poirier', 'Tacko Fall']"
1610612738,2020-21,"[1628369, 1629035, 1627759, 1629650, 1630202, 1629684, 202684, 203953, 1630174, 203935, 1628400, 1628436, 201143, 1629057, 1629641, 1629682, 203095, 1629605]",Boston Celtics,"['Jayson Tatum', 'Carsen Edwards', 'Jaylen Brown', 'Moses Brown', 'Payton Pritchard', 'Grant Williams', 'Tristan Thompson', 'Jabari Parker', 'Aaron Nesmith', 'Marcus Smart', 'Semi Ojeleye', 'Luke Kornet', 'Al Horford', 'Robert Williams III', 'Romeo Langford', 'Tremont Waters', 'Evan Fournier', 'Tacko Fall']"
1610612738,2021-22,"[1630346, 1628369, 1627759, 1630238, 1628401, 1630202, 1629684, 203917, 1629752, 1630174, 1628464, 1630573, 203935, 1628436, 201143, 1629057, 1630271]",Boston Celtics,"['Matt Ryan', 'Jayson Tatum', 'Jaylen Brown', 'Malik Fitts', 'Derrick White', 'Payton Pritchard', 'Grant Williams', 'Nik Stauskas', 'Juwan Morgan', 'Aaron Nesmith', 'Daniel Theis', 'Sam Hauser', 'Marcus Smart', 'Luke Kornet', 'Al Horford', 'Robert Williams III', 'Brodric Thomas']"
1610612738,2022-23,"[1628369, 1627759, 201568, 1628401, 1630202, 1629684, 1627763, 1631120, 1629662, 1630573, 203935, 1628436, 201143, 1629057, 203488, 201933, 1630551]",Boston Celtics,"['Jayson Tatum', 'Jaylen Brown', 'Danilo Gallinari', 'Derrick White', 'Payton Pritchard', 'Grant Williams', 'Malcolm Brogdon', 'JD Davison', 'Mfiondu Kabengele', 'Sam Hauser', 'Marcus Smart', 'Luke Kornet', 'Al Horford', 'Robert Williams III', 'Mike Muscala', 'Blake Griffin', 'Justin Champagnie']"
1610612738,2023-24,"[1628369, 201950, 1627759, 204001, 1628401, 1630202, 1629052, 1641809, 1631120, 1630214, 1641775, 1630573, 1628436, 201143, 1630531, 1629004, 1629674]",Boston Celtics,"['Jayson Tatum', 'Jrue Holiday', 'Jaylen Brown', 'Kristaps Porzingis', 'Derrick White', 'Payton Pritchard', 'Oshae Brissett', 'Drew Peterson', 'JD Davison', 'Xavier Tillman', 'Jordan Walsh', 'Sam Hauser', 'Luke Kornet', 'Al Horford', 'Jaden Springer', 'Svi Mykhailiuk', 'Neemias Queta']"
1610612739,1970-71,"[76440, 76755, 77152, 77385, 77548, 77591, 77894, 78202, 78220, 78277, 78461, 78469, 78495]",Cleveland Cavaliers,"['Joe Cooke', 'Gary Freeman', 'John Johnson', 'Bobby Lewis', 'Mccoy McLemore', 'Larry Mikan', 'Luke Rackley', 'Bingo Smith', 'Dave Sorenson', 'Gary Suiter', 'Johnny Warren', 'Bobby Washington', 'Walt Wesley']"
1610612739,1971-72,"[76130, 76348, 76519, 77066, 77152, 77812, 77894, 77957, 77973, 78202, 78220, 78461, 78469, 78495]",Cleveland Cavaliers,"['Butch Beard', 'Austin Carr', 'Charlie Davis', 'Greg Howard', 'John Johnson', 'Steve Patterson', 'Luke Rackley', 'Jackie Ridgle', 'Rick Roberson', 'Bingo Smith', 'Dave Sorenson', 'Johnny Warren', 'Bobby Washington', 'Walt Wesley']"
1610612739,1972-73,"[76348, 76402, 76403, 76521, 77152, 77812, 77973, 78042, 78202, 78460, 78461, 78530]",Cleveland Cavaliers,"['Austin Carr', 'Jim Cleamons', 'John Clemens', 'Double D Davis', 'John Johnson', 'Steve Patterson', 'Rick Roberson', 'Bob Rule', 'Bingo Smith', 'Cornell Warner', 'Johnny Warren', 'Lenny Wilkens']"
1610612739,1973-74,"[76248, 76348, 76402, 76403, 76521, 76740, 77812, 78042, 78202, 78460, 78461, 78530, 78603]",Cleveland Cavaliers,"['Jim Brewer', 'Austin Carr', 'Jim Cleamons', 'John Clemens', 'Double D Davis', 'Fred Foster', 'Steve Patterson', 'Bob Rule', 'Bingo Smith', 'Cornell Warner', 'Johnny Warren', 'Lenny Wilkens', 'Luke Witte']"
1610612739,1974-75,"[76248, 76348, 76392, 76402, 76521, 76740, 77812, 78047, 78202, 78213, 78436, 78603]",Cleveland Cavaliers,"['Jim Brewer', 'Austin Carr', 'Jim Chones', 'Jim Cleamons', 'Double D Davis', 'Fred Foster', 'Steve Patterson', 'Campy Russell', 'Bingo Smith', 'Dick Snyder', 'Foots Walker', 'Luke Witte']"
1610612739,1975-76,"[76248, 76348, 76392, 76402, 77331, 78047, 78202, 78213, 78436, 78603]",Cleveland Cavaliers,"['Jim Brewer', 'Austin Carr', 'Jim Chones', 'Jim Cleamons', 'John Lambert', 'Campy Russell', 'Bingo Smith', 'Dick Snyder', 'Foots Walker', 'Luke Witte']"
1610612739,1976-77,"[76248, 76348, 76392, 76402, 77331, 78047, 78202, 78213, 600001, 78436, 78541]",Cleveland Cavaliers,"['Jim Brewer', 'Austin Carr', 'Jim Chones', 'Jim Cleamons', 'John Lambert', 'Campy Russell', 'Bingo Smith', 'Dick Snyder', 'Nate Thurmond', 'Foots Walker', 'Chuckie Williams']"
1610612739,1977-78,"[76248, 76348, 76392, 76750, 76767, 77331, 78047, 78202, 78188, 78213, 78436]",Cleveland Cavaliers,"['Jim Brewer', 'Austin Carr', 'Jim Chones', 'Walt Frazier', 'Terry Furlow', 'John Lambert', 'Campy Russell', 'Bingo Smith', 'Elmore Smith', 'Dick Snyder', 'Foots Walker']"
1610612739,1978-79,"[76348, 76392, 76523, 76750, 76767, 77021, 77331, 77356, 77615, 78047, 78202, 78188, 78436]",Cleveland Cavaliers,"['Austin Carr', 'Jim Chones', 'Harry Davis', 'Walt Frazier', 'Terry Furlow', 'Kenny Higgs', 'John Lambert', 'Butch Lee', 'Mike Mitchell', 'Campy Russell', 'Bingo Smith', 'Elmore Smith', 'Foots Walker']"
1610612739,1979-80,"[76350, 76348, 76734, 76750, 77331, 77356, 77615, 77998, 78047, 78200, 78208, 78294, 78436, 78577]",Cleveland Cavaliers,"['Kenny Carr', 'Austin Carr', 'Don Ford', 'Walt Frazier', 'John Lambert', 'Butch Lee', 'Mike Mitchell', 'Dave Robisch', 'Campy Russell', 'Randy Smith', 'Willie Smith', 'Earl Tatum', 'Foots Walker', 'Bill Willoughby']"
1610612739,1980-81,"[76242, 76336, 76350, 76734, 77078, 77087, 77209, 100263, 77331, 77615, 77848, 78200, 78204, 78468]",Cleveland Cavaliers,"['Mike Bratz', 'Mack Calvin', 'Kenny Carr', 'Don Ford', 'Kim Hughes', 'Geoff Huston', 'Walter Jordan', 'Bill Laimbeer', 'John Lambert', 'Mike Mitchell', 'Roger Phegley', 'Randy Smith', 'Robert Smith', 'Richard Washington']"
1610612739,1981-82,"[76151, 76239, 76249, 76569, 229, 76686, 76734, 77010, 77071, 77087, 77615, 77623, 77635, 77848, 77944, 77986, 78150, 78468, 78482, 78531]",Cleveland Cavaliers,"['Mel Bennett', 'Brad Branson', 'Ron Brewer', 'Mickey Dillard', 'James Edwards', 'Mike Evans', 'Don Ford', 'Keith Herron', 'Phil Hubbard', 'Geoff Huston', 'Mike Mitchell', 'Paul Mokeski', 'Lowes Moore', 'Roger Phegley', 'Kevin Restani', 'Cliff T. Robinson', 'James Silas', 'Richard Washington', 'Scott Wedman', 'Bob Wilkerson']"
1610612739,1982-83,"[76082, 76436, 76725, 76753, 76980, 77071, 77087, 77246, 77326, 77442, 77715, 77986, 78343, 78531]",Cleveland Cavaliers,"['John Bagley', 'Jeff Cook', 'Bruce Flowers', 'World Free', 'Steve Hayes', 'Phil Hubbard', 'Geoff Huston', 'Larry Kenon', 'Sam Lacey', 'Dave Magley', 'Carl Nicks', 'Cliff T. Robinson', 'Darren Tillis', 'Bob Wilkerson']"
1610612739,1983-84,"[76082, 76436, 76474, 76753, 76791, 76847, 77030, 77071, 77087, 77873, 77986, 78133, 78332]",Cleveland Cavaliers,"['John Bagley', 'Jeff Cook', 'Jeffrey Crompton', 'World Free', 'John Garris', 'Stewart Granger', 'Roy Hinson', 'Phil Hubbard', 'Geoff Huston', 'Ben Poquette', 'Cliff T. Robinson', 'Lonnie Shelton', 'Paul Thompson']"
1610612739,1984-85,"[76046, 76082, 76526, 76753, 76855, 77030, 77071, 77087, 77873, 78047, 78133, 78204, 78332, 78386, 770, 78556]",Cleveland Cavaliers,"['Ron Anderson', 'John Bagley', 'Johnny Davis', 'World Free', 'Butch Graves', 'Roy Hinson', 'Phil Hubbard', 'Geoff Huston', 'Ben Poquette', 'Campy Russell', 'Lonnie Shelton', 'Robert Smith', 'Paul Thompson', 'Mel Turpin', 'Mark West', 'Kevin Williams']"
1610612739,1985-86,"[76082, 76249, 76753, 77030, 77071, 77184, 77361, 77524, 77609, 77873, 78133, 78386, 770]",Cleveland Cavaliers,"['John Bagley', 'Ron Brewer', 'World Free', 'Roy Hinson', 'Phil Hubbard', 'Edgar Jones', 'Keith Lee', 'Ben McDonald', 'Dirk Minniefield', 'Ben Poquette', 'Lonnie Shelton', 'Mel Turpin', 'Mark West']"
1610612739,1986-87,"[76082, 895, 921, 378, 166, 77071, 77361, 77518, 271, 899, 78386, 770, 73]",Cleveland Cavaliers,"['John Bagley', 'Tyrone Corbin', 'Brad Daugherty', 'Craig Ehlo', 'Ron Harper', 'Phil Hubbard', 'Keith Lee', 'Scooter McCray', 'Johnny Newman', 'Mark Price', 'Mel Turpin', 'Mark West', 'Hot Rod Williams']"
1610612739,1987-88,"[76154, 209, 921, 201, 378, 166, 76994, 77071, 77153, 77685, 899, 78007, 78059, 73]",Cleveland Cavaliers,"['Kent Benson', 'Dell Curry', 'Brad Daugherty', 'Chris Dudley', 'Craig Ehlo', 'Ron Harper', 'Kevin Henderson', 'Phil Hubbard', 'Kannard Johnson', 'Larry Nance', 'Mark Price', 'Johnny Rogers', 'Mike Sanders', 'Hot Rod Williams']"
1610612739,1988-89,"[921, 201, 378, 166, 77071, 705, 77685, 899, 78014, 78059, 78395, 73]",Cleveland Cavaliers,"['Brad Daugherty', 'Chris Dudley', 'Craig Ehlo', 'Ron Harper', 'Phil Hubbard', 'Randolph Keys', 'Larry Nance', 'Mark Price', 'Tree Rollins', 'Mike Sanders', 'Darnell Valentine', 'Hot Rod Williams']"
1610612739,1989-90,"[76152, 359, 76387, 921, 378, 70, 77623, 1972, 77685, 899, 78014, 78419, 73]",Cleveland Cavaliers,"['Winston Bennett', 'Chucky Brown', 'Derrick Chievous', 'Brad Daugherty', 'Craig Ehlo', 'Steve Kerr', 'Paul Mokeski', 'John Morton', 'Larry Nance', 'Mark Price', 'Tree Rollins', 'Gary Voce', 'Hot Rod Williams']"
1610612739,1990-91,"[76079, 76152, 359, 76387, 921, 378, 198, 1080, 70, 1972, 77685, 77789, 899, 78395, 73, 78614]",Cleveland Cavaliers,"['Milos Babic', 'Winston Bennett', 'Chucky Brown', 'Derrick Chievous', 'Brad Daugherty', 'Craig Ehlo', 'Danny Ferry', 'Henry James', 'Steve Kerr', 'John Morton', 'Larry Nance', 'Gerald Paddio', 'Mark Price', 'Darnell Valentine', 'Hot Rod Williams', 'Mike Woodson']"
1610612739,1991-92,"[174, 210, 921, 378, 198, 1080, 70, 77685, 1429, 184, 899, 78059, 73]",Cleveland Cavaliers,"['John Battle', 'Terrell Brandon', 'Brad Daugherty', 'Craig Ehlo', 'Danny Ferry', 'Henry James', 'Steve Kerr', 'Larry Nance', 'Jimmy Oliver', 'Bobby Phills', 'Mark Price', 'Mike Sanders', 'Hot Rod Williams']"
1610612739,1992-93,"[174, 210, 921, 378, 198, 76904, 77335, 77685, 184, 899, 78059, 786, 73]",Cleveland Cavaliers,"['John Battle', 'Terrell Brandon', 'Brad Daugherty', 'Craig Ehlo', 'Danny Ferry', 'Jay Guidinger', 'Jerome Lane', 'Larry Nance', 'Bobby Phills', 'Mark Price', 'Mike Sanders', 'Gerald Wilkins', 'Hot Rod Williams']"
1610612739,1993-94,"[76022, 174, 210, 921, 198, 76904, 77019, 238, 1118, 1666, 168, 77685, 184, 899, 78352, 786, 73]",Cleveland Cavaliers,"['Gary Alexander', 'John Battle', 'Terrell Brandon', 'Brad Daugherty', 'Danny Ferry', 'Jay Guidinger', 'Rod Higgins', 'Tyrone Hill', 'Tim Kempton', 'Gerald Madkins', 'Chris Mills', 'Larry Nance', 'Bobby Phills', 'Mark Price', 'Sedric Toney', 'Gerald Wilkins', 'Hot Rod Williams']"
1610612739,1994-95,"[174, 1120, 210, 262, 76338, 306, 1068, 198, 238, 1666, 168, 184, 899, 122, 73]",Cleveland Cavaliers,"['John Battle', 'Elmer Bennett', 'Terrell Brandon', 'Michael Cage', 'Tony Campbell', 'Steve Colter', 'Greg Dreiling', 'Danny Ferry', 'Tyrone Hill', 'Gerald Madkins', 'Chris Mills', 'Bobby Phills', 'Mark Price', 'Fred Roberts', 'Hot Rod Williams']"
1610612739,1995-96,"[210, 682, 114, 105, 180, 680, 184, 226, 168, 683, 238, 681, 198, 1432, 262]",Cleveland Cavaliers,"['Terrell Brandon', 'Bob Sura', 'Harold Miner', 'Dan Majerle', 'John Crotty', 'John Amaechi', 'Bobby Phills', 'Antonio Lang', 'Chris Mills', 'Darryl Johnson', 'Tyrone Hill', 'Donny Marshall', 'Danny Ferry', 'Joe Courtney', 'Michael Cage']"
1610612739,1996-97,"[210, 1002, 682, 184, 226, 168, 238, 681, 198, 770, 1035, 958, 36]",Cleveland Cavaliers,"['Terrell Brandon', 'Reggie Geary', 'Bob Sura', 'Bobby Phills', 'Antonio Lang', 'Chris Mills', 'Tyrone Hill', 'Donny Marshall', 'Danny Ferry', 'Mark West', 'Shawnelle Scott', 'Vitaly Potapenko', 'Sarunas Marciulionis']"
1610612739,1997-98,"[445, 418, 682, 431, 980, 1510, 1507, 1063, 198, 1035, 1538, 958]",Cleveland Cavaliers,"['Wesley Person', 'Scott Brooks', 'Bob Sura', 'Shawn Kemp', 'Zydrunas Ilgauskas', 'Brevin Knight', 'Derek Anderson', 'Carl Thomas', 'Danny Ferry', 'Shawnelle Scott', 'Cedric Henderson', 'Vitaly Potapenko']"
1610612739,1998-99,"[445, 682, 431, 1863, 348, 1756, 271, 1507, 198, 1538, 692]",Cleveland Cavaliers,"['Wesley Person', 'Bob Sura', 'Shawn Kemp', 'Earl Boykins', 'Mitchell Butler', 'Ryan Stack', 'Johnny Newman', 'Derek Anderson', 'Danny Ferry', 'Cedric Henderson', 'Andrew DeClercq']"
1610612739,1999-00,"[1930, 445, 95, 682, 431, 1863, 1510, 1889, 441, 198, 1538, 692]",Cleveland Cavaliers,"['Lari Ketner', 'Wesley Person', 'Mark Bryant', 'Bob Sura', 'Shawn Kemp', 'Earl Boykins', 'Brevin Knight', 'Andre Miller', 'Lamond Murray', 'Danny Ferry', 'Cedric Henderson', 'Andrew DeClercq']"
1610612739,2000-01,"[445, 754, 2036, 1533, 1723, 1892, 1889, 441, 423, 221, 359, 1714]",Cleveland Cavaliers,"['Wesley Person', 'Jim Jackson', 'Chris Mihm', 'Anthony Johnson', 'Matt Harpring', 'Trajan Langdon', 'Andre Miller', 'Lamond Murray', 'Chris Gatling', 'Clar. Weatherspoon', 'Chucky Brown', 'Robert Traylor']"
1610612739,2001-02,"[445, 2036, 1730, 980, 179, 1892, 1889, 441, 1729, 238, 1908, 1720]",Cleveland Cavaliers,"['Wesley Person', 'Chris Mihm', 'Brian Skinner', 'Zydrunas Ilgauskas', 'Bryant Stith', 'Trajan Langdon', 'Andre Miller', 'Lamond Murray', 'Ricky Davis', 'Tyrone Hill', 'Jumaine Jones', 'Michael Doleac']"
1610612739,2002-03,"[2430, 2402, 2036, 1907, 98, 1533, 1960, 980, 902, 1565, 2470, 2032, 2440, 1729, 238, 1908, 1942, 2205]",Cleveland Cavaliers,"['Carlos Boozer', 'Dajuan Wagner', 'Chris Mihm', 'Vonteego Cummings', 'Nick Anderson', 'Anthony Johnson', 'Milt Palacio', 'Zydrunas Ilgauskas', 'Bimbo Coles', 'Michael Stewart', 'Smush Parker', 'Darius Miles', 'Matt Barnes', 'Ricky Davis', 'Tyrone Hill', 'Jumaine Jones', 'Harold Jamison', 'DeSagana Diop']"
1610612739,2003-04,"[976, 2430, 2402, 1499, 2208, 980, 1563, 1956, 2544, 2574, 2257, 2205, 1924, 677]",Cleveland Cavaliers,"['Jeff McInnis', 'Carlos Boozer', 'Dajuan Wagner', 'Tony Battie', 'Kedrick Brown', 'Zydrunas Ilgauskas', 'Kevin Ollie', 'Ira Newble', 'LeBron James', 'Jason Kapono', 'Ruben Boumtje-Boumtje', 'DeSagana Diop', 'Lee Nailon', 'Eric Williams']"
1610612739,2004-05,"[976, 2562, 980, 1956, 2760, 727, 2544, 1714, 2412, 2205, 2400]",Cleveland Cavaliers,"['Jeff McInnis', 'Sasha Pavlovic', 'Zydrunas Ilgauskas', 'Ira Newble', 'Anderson Varejao', 'Eric Snow', 'LeBron James', 'Robert Traylor', 'Jiri Welsch', 'DeSagana Diop', 'Drew Gooden']"
1610612739,2005-06,"[101211, 2436, 2562, 980, 1956, 101149, 2760, 1800, 727, 2544, 923, 1716, 2739, 673, 2400]",Cleveland Cavaliers,"['Stephen Graham', 'Flip Murray', 'Sasha Pavlovic', 'Zydrunas Ilgauskas', 'Ira Newble', 'Martynas Andriuskevicius', 'Anderson Varejao', 'Damon Jones', 'Eric Snow', 'LeBron James', 'Donyell Marshall', 'Larry Hughes', 'Luke Jackson', 'Alan Henderson', 'Drew Gooden']"
1610612739,2006-07,"[200789, 2562, 133, 200769, 980, 1956, 2760, 1800, 727, 2544, 923, 101204, 1513, 1716, 2400]",Cleveland Cavaliers,"['Daniel Gibson', 'Sasha Pavlovic', 'David Wesley', 'Shannon Brown', 'Zydrunas Ilgauskas', 'Ira Newble', 'Anderson Varejao', 'Damon Jones', 'Eric Snow', 'LeBron James', 'Donyell Marshall', 'Dwayne Jones', 'Scot Pollard', 'Larry Hughes', 'Drew Gooden']"
1610612739,2007-08,"[200789, 2562, 1112, 1887, 980, 2873, 2753, 2760, 1800, 727, 2544, 101204, 693, 2484, 200984]",Cleveland Cavaliers,"['Daniel Gibson', 'Sasha Pavlovic', 'Ben Wallace', 'Wally Szczerbiak', 'Zydrunas Ilgauskas', 'Billy Thomas', 'Delonte West', 'Anderson Varejao', 'Damon Jones', 'Eric Snow', 'LeBron James', 'Dwayne Jones', 'Joe Smith', 'Devin Brown', 'Lance Allred']"
1610612739,2008-09,"[201616, 200789, 2590, 2562, 1112, 200814, 1887, 980, 2753, 2760, 201581, 2544, 101214, 693, 953]",Cleveland Cavaliers,"['Darnell Jackson', 'Daniel Gibson', 'Mo Williams', 'Sasha Pavlovic', 'Ben Wallace', 'Tarence Kinsey', 'Wally Szczerbiak', 'Zydrunas Ilgauskas', 'Delonte West', 'Anderson Varejao', 'JJ Hickson', 'LeBron James', 'Jawad Williams', 'Joe Smith', 'Lorenzen Wright']"
1610612739,2009-10,"[200789, 2590, 2742, 1712, 980, 2753, 201980, 200081, 2760, 1515, 201581, 2544, 101214, 406, 200796]",Cleveland Cavaliers,"['Daniel Gibson', 'Mo Williams', 'Sebastian Telfair', 'Antawn Jamison', 'Zydrunas Ilgauskas', 'Delonte West', 'Danny Green', 'Jamario Moon', 'Anderson Varejao', 'Anthony Parker', 'JJ Hickson', 'LeBron James', 'Jawad Williams', ""Shaquille O'Neal"", 'Leon Powe']"
1610612739,2010-11,"[200789, 201196, 1712, 200797, 202412, 201963, 201623, 101121, 2760, 1515, 201581, 202396, 202087, 202376, 1884]",Cleveland Cavaliers,"['Daniel Gibson', 'Ramon Sessions', 'Antawn Jamison', 'Ryan Hollins', 'Manny Harris', 'Christian Eyenga', 'Semih Erden', 'Joey Graham', 'Anderson Varejao', 'Anthony Parker', 'JJ Hickson', 'Samardo Samuels', 'Alonzo Gee', 'Luke Harangody', 'Baron Davis']"
1610612739,2011-12,"[200789, 202681, 1712, 202412, 201623, 202810, 202684, 202388, 2760, 1515, 202396, 2575, 202087, 201956, 202376]",Cleveland Cavaliers,"['Daniel Gibson', 'Kyrie Irving', 'Antawn Jamison', 'Manny Harris', 'Semih Erden', 'D.J. Kennedy', 'Tristan Thompson', 'Donald Sloan', 'Anderson Varejao', 'Anthony Parker', 'Samardo Samuels', 'Luke Walton', 'Alonzo Gee', 'Omri Casspi', 'Luke Harangody']"
1610612739,2012-13,"[101139, 200789, 202681, 203079, 2575, 203158, 202684, 2733, 201578, 2760, 200809, 201961, 202087, 201956, 203092]",Cleveland Cavaliers,"['CJ Miles', 'Daniel Gibson', 'Kyrie Irving', 'Dion Waiters', 'Luke Walton', 'Kevin Jones', 'Tristan Thompson', 'Shaun Livingston', 'Marreese Speights', 'Anderson Varejao', 'Chris Quinn', 'Wayne Ellington', 'Alonzo Gee', 'Omri Casspi', 'Tyler Zeller']"
1610612739,2013-14,"[101139, 101127, 202681, 203079, 203521, 2736, 203508, 202684, 203461, 2760, 203816, 203467, 201150, 202087, 203092]",Cleveland Cavaliers,"['CJ Miles', 'Jarrett Jack', 'Kyrie Irving', 'Dion Waiters', 'Matthew Dellavedova', 'Luol Deng', 'Sergey Karasev', 'Tristan Thompson', 'Anthony Bennett', 'Anderson Varejao', 'Scotty Hopson', 'Carrick Felix', 'Spencer Hawes', 'Alonzo Gee', 'Tyler Zeller']"
1610612739,2014-15,"[201567, 2592, 202681, 2570, 202697, 2747, 203521, 203925, 202684, 2760, 2034, 202389, 2544, 1890, 2217]",Cleveland Cavaliers,"['Kevin Love', 'James Jones', 'Kyrie Irving', 'Kendrick Perkins', 'Iman Shumpert', 'JR Smith', 'Matthew Dellavedova', 'Joe Harris', 'Tristan Thompson', 'Anderson Varejao', 'Mike Miller', 'Timofey Mozgov', 'LeBron James', 'Shawn Marion', 'Brendan Haywood']"
